/*
SQLyog Ultimate v12.08 (64 bit)
MySQL - 5.6.19-log : Database - innovation-web
*********************************************************************
*/

/*!40101 SET NAMES utf8 */;

/*!40101 SET SQL_MODE=''*/;

/*!40014 SET @OLD_UNIQUE_CHECKS=@@UNIQUE_CHECKS, UNIQUE_CHECKS=0 */;
/*!40014 SET @OLD_FOREIGN_KEY_CHECKS=@@FOREIGN_KEY_CHECKS, FOREIGN_KEY_CHECKS=0 */;
/*!40101 SET @OLD_SQL_MODE=@@SQL_MODE, SQL_MODE='NO_AUTO_VALUE_ON_ZERO' */;
/*!40111 SET @OLD_SQL_NOTES=@@SQL_NOTES, SQL_NOTES=0 */;
CREATE DATABASE /*!32312 IF NOT EXISTS*/`innovation-web` /*!40100 DEFAULT CHARACTER SET utf8 */;

USE `innovation-web`;

/*Table structure for table `t_article` */

DROP TABLE IF EXISTS `t_article`;

CREATE TABLE `t_article` (
  `id` int(30) NOT NULL AUTO_INCREMENT COMMENT '文章id',
  `title` varchar(250) NOT NULL COMMENT '标题',
  `content` text NOT NULL COMMENT '内容',
  `type_id` int(30) NOT NULL COMMENT '类别',
  `created_time` timestamp NOT NULL DEFAULT CURRENT_TIMESTAMP COMMENT '创建时间',
  `last_modified_time` timestamp NOT NULL DEFAULT CURRENT_TIMESTAMP COMMENT '最近修改时间',
  `creator_id` int(30) NOT NULL COMMENT '创建者id',
  `read_num` int(30) NOT NULL DEFAULT '0' COMMENT '阅读次数',
  PRIMARY KEY (`id`)
) ENGINE=InnoDB AUTO_INCREMENT=16 DEFAULT CHARSET=utf8;

/*Data for the table `t_article` */

insert  into `t_article`(`id`,`title`,`content`,`type_id`,`created_time`,`last_modified_time`,`creator_id`,`read_num`) values (1,'物理学院凝聚态物理学科教师招聘启事','　为加强师资队伍建设，满足学科发展和教学科研工作需要，东北师范大学物理学院拟面向国内外公开招聘师资博士后1名。具体事宜如下：\r\n　　一、招聘研究方向、岗位及人数：\r\n　　研究方向：信息存储材料与器件；\r\n　　岗位：师资博士后；\r\n　　人数：1人。\r\n　　二、应聘条件\r\n　　1．国内外高水平大学或研究机构相关专业博士毕业或应届博士生，年龄一般在35周岁以下；\r\n　　2．作为第一作者已在本学科/领域发表超过学科平均影响因子的SCI论文3篇以上（含3篇），在本学科顶级刊物上发表过SCI论文的优先考虑；\r\n　　3．理论基础扎实，科研能力突出，语言表达能力良好，能够胜任凝聚态物理专业的研究和教学工作；\r\n　　4．具有较高学术发展目标，学风严谨，求真务实，富有创新和团结协作精神。\r\n　　三、招聘程序\r\n　　1．应聘者均须登陆东北师范大学岗位公开招聘与网上应聘系统报名，实名注册并提交应聘材料（包括本人简历、学历学位证书复印件、学习阶段成绩单复印件、个人承担或参加的课题、公开发表的学术论文复印件等），报名截止时间：2017年5月8日。\r\n　　2．学院与学校共同组成考核小组对应聘者进行资格初审，符合条件的应聘者，参加面试考核，同时查验应聘者材料原件，考核合格人员上报学校审批。\r\n　　四、联系方式\r\n　　物理学院联系人：姚成顺　0431－85099666\r\n　　学校人事处联系人：岳  妍　0431－85098029\r\n\r\n物理学院\r\n人事处\r\n2017年4月7日',1,'2017-04-08 15:03:49','2017-04-08 15:03:49',1,0),(2,'经济学院教师招聘启事','　为进一步加强师资队伍建设，满足学科发展和教学科研工作需要，东北师范大学经济学院现面向国内外公开招聘教师若干名。\r\n　　一、基本要求 \r\n　　1．具有经济学博士学位。优先考虑各学历阶段均为普通高等学校全日制教育、且毕业院校层次不低于我校的英语水平较高的博士研究生或博士后研究人员。\r\n　　2．副教授岗位，要有主持国家社会科学基金项目经历，研究方向明确稳定，在专业类权威期刊上发表过系列高水平论文，取得过突出成绩。年龄一般在40周岁以下。\r\n　　3．讲师岗位，以第一作者身份发表过学科方向内CSSCI系列论文4篇以上，理论基础扎实，具有较高学术发展潜力，能胜任本学科核心课程的讲授工作与学科科研工作，年龄一般在35周岁以下。\r\n　　4．学风严谨，求真务实，素质优良，敢于担当，有大局观，富有奉献、创新与团结协作精神。\r\n　　二、招聘专业与人数\r\n　　1．经济学：政治经济学研究方向1人；\r\n　　2．金融学：投资学方向1人；\r\n　　3．财政学：税务管理1人\r\n　　4．国际经济学：国际投资方向1人\r\n　　三、招聘程序\r\n　　1．应聘者须登陆东北师范大学岗位公开招聘与网上应聘系统报名，实名注册并提交应聘材料一份（包括本人简历、学历学位证书复印件、学习阶段成绩单复印件、个人承担或参加的课题、公开发表的学术论文复印件等），报名截止时间：2017年5月8日。\r\n　　2．学院与学校共同组成考核小组对应聘者进行资格初审，符合条件的应聘者，参加面试考核，同时查验应聘者材料原件，考核合格人员上报学校审批。\r\n　　四、联系方式\r\n　　经济学院联系人：孙科　0431－84536212\r\n　　人 事 处联系人：岳妍　0431－85098029\r\n\r\n经济学院\r\n人事处\r\n2017年4月7日',2,'2017-04-08 15:04:05','2017-04-08 15:04:05',1,0),(4,'经济学院教师招聘启事','　为进一步加强师资队伍建设，满足学科发展和教学科研工作需要，东北师范大学经济学院现面向国内外公开招聘教师若干名。\r\n　　一、基本要求 \r\n　　1．具有经济学博士学位。优先考虑各学历阶段均为普通高等学校全日制教育、且毕业院校层次不低于我校的英语水平较高的博士研究生或博士后研究人员。\r\n　　2．副教授岗位，要有主持国家社会科学基金项目经历，研究方向明确稳定，在专业类权威期刊上发表过系列高水平论文，取得过突出成绩。年龄一般在40周岁以下。\r\n　　3．讲师岗位，以第一作者身份发表过学科方向内CSSCI系列论文4篇以上，理论基础扎实，具有较高学术发展潜力，能胜任本学科核心课程的讲授工作与学科科研工作，年龄一般在35周岁以下。\r\n　　4．学风严谨，求真务实，素质优良，敢于担当，有大局观，富有奉献、创新与团结协作精神。\r\n　　二、招聘专业与人数\r\n　　1．经济学：政治经济学研究方向1人；\r\n　　2．金融学：投资学方向1人；\r\n　　3．财政学：税务管理1人\r\n　　4．国际经济学：国际投资方向1人\r\n　　三、招聘程序\r\n　　1．应聘者须登陆东北师范大学岗位公开招聘与网上应聘系统报名，实名注册并提交应聘材料一份（包括本人简历、学历学位证书复印件、学习阶段成绩单复印件、个人承担或参加的课题、公开发表的学术论文复印件等），报名截止时间：2017年5月8日。\r\n　　2．学院与学校共同组成考核小组对应聘者进行资格初审，符合条件的应聘者，参加面试考核，同时查验应聘者材料原件，考核合格人员上报学校审批。\r\n　　四、联系方式\r\n　　经济学院联系人：孙科　0431－84536212\r\n　　人 事 处联系人：岳妍　0431－85098029\r\n\r\n经济学院\r\n人事处\r\n2017年4月7日',3,'2017-04-10 17:19:09','2017-04-10 17:19:09',1,0),(5,'物理学院电子电气专业教师和师资博士后招聘启事','　为加强师资队伍建设，满足学科发展和教学科研工作需要，东北师范大学物理学院拟面向国内外公开招聘教师或师资博士后，具体事宜如下：\r\n　　一、招聘岗位及人数\r\n　　电子信息科学与技术专业、电气工程及其自动化专业：1-2人。\r\n　　二、应聘条件\r\n　　1．教授或副教授岗位\r\n　　（1）具有电子信息或自动化类专业博士学位或博士后研究经历，曾任职于海内外高校或科研机构并承担科研工作，在本研究领域发表过系列高水平文章，主持过国家自然科学基金面上项目或更高级别纵向项目，或主持过高水平横向课题，取得过突出成绩。\r\n　　（2）身体健康，学风严谨，求真务实，富有创新精神，善于团队协作。\r\n　　2．师资博士后或讲师岗位\r\n　　（1）具有电子信息或自动化类专业博士学位，优先考虑有海外留学经历的博士毕业生或博士后研究人员。\r\n　　（2）原则上年龄在35周岁以下，国内外重点大学博士毕业或应届博士研究生。\r\n　　（3）以第一作者身份在专业领域发表过SCI或EI检索期刊论文。　　\r\n　　（4）热爱教学与科研工作，理论基础扎实，专业实践经验丰富，科研能力突出，能胜任本学科核心课程的讲授工作和学科科研工作。\r\n　　三、招聘程序\r\n　　1．应聘者均须登陆东北师范大学岗位公开招聘与网上应聘系统报名，实名注册并提交应聘材料（包括本人简历、学历学位证书复印件、学习阶段成绩单复印件、个人承担或参加的课题、公开发表的学术论文复印件等），报名截止时间：2017年5月1日。\r\n　　2．学院与学校共同组成考核小组对应聘者进行资格初审，符合条件的应聘者，参加面试考核，同时查验应聘者材料原件，考核合格人员上报学校审批。　　\r\n　　四、联系方式\r\n　　物理学院联系人：　姚成顺　电话：0431－85099666\r\n　　学校人事处联系人：岳　妍　电话：0431－85098029\r\n\r\n　物理学院\r\n人事处\r\n　2017年3月29日',4,'2017-04-10 17:23:53','2017-04-10 17:23:53',1,0),(6,'目送3','《目送》散文集共由七十三篇散文组成，是为一本情感性的文集。书中，龙应台写父亲的死亡、母亲的衰老和失智；写对父母的怜惜和体恤，写兄弟携手共行，儿子的离别，朋友的牵挂；写自己的失败和脆弱，失落和放手，以及一个人的走路、赏树、观鸟、拍照、生活等。从牵着孩子幼小的手、情意满满的亲情，到青春后期孩子与自己渐行渐远的背影；从陪着年迈母亲如带着女儿一般，思及自己也曾是父母眼前一去不返的背影，龙应台娓娓道来。正如作者所说：“我慢慢地、慢慢地了解到，所谓父女母子一场，只不过意味着，你和他的缘分就是今生今世不断地在目送他的背影渐行渐远。你站在小路的这一端，看着他逐渐消失在小路转弯的地方，而且，他用背影默默地告诉你，不用追。”[1] ',5,'2017-04-10 17:25:06','2017-04-10 17:25:06',1,0),(7,'我校教育部哲学社会科学研究重大课题攻关项目','　4月2日，由我校历史文化学院刘厚生教授为首席专家承担的教育部哲学社会科学研究重大课题攻关项目“中国满语文保护抢救口述史与满语音像资料库建构”举行开题报告会。\r\n\r\n　　由北京大学赵杰教授、中国第一历史档案馆吴元丰研究馆员、中央民族大学赵志忠教授、黑龙江大学赵阿平教授、辽宁省民族研究所何晓芳研究员等专家组成的评议专家组，吉林省政府新闻办对外交流处处长李校时，省文化厅非物质文化遗产处处长张志强，我校副校长韩东育教授及社会科学处、历史文化学院的负责人出席了会议。\r\n\r\n　　韩东育代表学校对课题组表示祝贺，对各位专家参与开题评审表示感谢。他首先肯定了刘厚生教授对满语传承与保护所作出的贡献和深厚的满学功底，认为该项目课题对于清史、满族史学、东北边疆史等研究具有重要意义，也契合了国家抢救保护“绝学”的需求。他希望各位与会专家对课题的开展给予深度指导，学校也将积极做好相关保障工作。\r\n\r\n　　刘厚生教授介绍了项目的相关情况。着重强调了当前满语研究保护中急需关注的几大问题，提出了要对满语遗存和应用现状作出全面普查及建构满语音像资料库的两大任务。六位子课题组负责人分别对所承担项目的研究内容、研究方法及预期成果等内容逐一作了汇报。与会专家一致认为,该项目研究对于满语保护、满学学科构建等方面意义重大，并从子课题设计、团队构成等方面肯定了该项目的可操作性。各位专家从资料库建构的相关技术、调研重点、语音资料整理等方面提出了建设性意见。五位评议专家均表示，中国满语文保护抢救工作迫在眉睫，满语研究者应形成合力，为项目的顺利实施提供必要的支持。\r\n\r\n　　至此，我校2016年获得的六项哲学社会科学研究国家级重大项目均成功开题。学校将全面贯彻落实习近平总书记在哲学社会科学工作座谈会上的讲话精神和全国高校思想政治工作会议精神，以学校第十四次党代会和“十三五”发展规划提出的“文科振兴繁荣”为目标，进一步激活广大教师从事重大前沿性课题研究的内生动力，加强顶层设计和团队建设，推进协同创新，力求以重大项目的研究为牵引，产出一系列重大创新性研究成果，更好地推进学校哲学社会科学的繁荣发展。',1,'2017-04-10 20:51:02','2017-04-10 20:51:02',1,5),(8,'我校教育部哲学社会科学研究重大课题攻关项目','　4月2日，由我校历史文化学院刘厚生教授为首席专家承担的教育部哲学社会科学研究重大课题攻关项目“中国满语文保护抢救口述史与满语音像资料库建构”举行开题报告会。\r\n\r\n　　由北京大学赵杰教授、中国第一历史档案馆吴元丰研究馆员、中央民族大学赵志忠教授、黑龙江大学赵阿平教授、辽宁省民族研究所何晓芳研究员等专家组成的评议专家组，吉林省政府新闻办对外交流处处长李校时，省文化厅非物质文化遗产处处长张志强，我校副校长韩东育教授及社会科学处、历史文化学院的负责人出席了会议。\r\n\r\n　　韩东育代表学校对课题组表示祝贺，对各位专家参与开题评审表示感谢。他首先肯定了刘厚生教授对满语传承与保护所作出的贡献和深厚的满学功底，认为该项目课题对于清史、满族史学、东北边疆史等研究具有重要意义，也契合了国家抢救保护“绝学”的需求。他希望各位与会专家对课题的开展给予深度指导，学校也将积极做好相关保障工作。\r\n\r\n　　刘厚生教授介绍了项目的相关情况。着重强调了当前满语研究保护中急需关注的几大问题，提出了要对满语遗存和应用现状作出全面普查及建构满语音像资料库的两大任务。六位子课题组负责人分别对所承担项目的研究内容、研究方法及预期成果等内容逐一作了汇报。与会专家一致认为,该项目研究对于满语保护、满学学科构建等方面意义重大，并从子课题设计、团队构成等方面肯定了该项目的可操作性。各位专家从资料库建构的相关技术、调研重点、语音资料整理等方面提出了建设性意见。五位评议专家均表示，中国满语文保护抢救工作迫在眉睫，满语研究者应形成合力，为项目的顺利实施提供必要的支持。\r\n\r\n　　至此，我校2016年获得的六项哲学社会科学研究国家级重大项目均成功开题。学校将全面贯彻落实习近平总书记在哲学社会科学工作座谈会上的讲话精神和全国高校思想政治工作会议精神，以学校第十四次党代会和“十三五”发展规划提出的“文科振兴繁荣”为目标，进一步激活广大教师从事重大前沿性课题研究的内生动力，加强顶层设计和团队建设，推进协同创新，力求以重大项目的研究为牵引，产出一系列重大创新性研究成果，更好地推进学校哲学社会科学的繁荣发展。',2,'2017-04-10 20:57:23','2017-04-10 20:57:23',1,0),(9,'我校教育部哲学社会科学研究重大课题攻关项目','　4月2日，由我校历史文化学院刘厚生教授为首席专家承担的教育部哲学社会科学研究重大课题攻关项目“中国满语文保护抢救口述史与满语音像资料库建构”举行开题报告会。\r\n\r\n　　由北京大学赵杰教授、中国第一历史档案馆吴元丰研究馆员、中央民族大学赵志忠教授、黑龙江大学赵阿平教授、辽宁省民族研究所何晓芳研究员等专家组成的评议专家组，吉林省政府新闻办对外交流处处长李校时，省文化厅非物质文化遗产处处长张志强，我校副校长韩东育教授及社会科学处、历史文化学院的负责人出席了会议。\r\n\r\n　　韩东育代表学校对课题组表示祝贺，对各位专家参与开题评审表示感谢。他首先肯定了刘厚生教授对满语传承与保护所作出的贡献和深厚的满学功底，认为该项目课题对于清史、满族史学、东北边疆史等研究具有重要意义，也契合了国家抢救保护“绝学”的需求。他希望各位与会专家对课题的开展给予深度指导，学校也将积极做好相关保障工作。\r\n\r\n　　刘厚生教授介绍了项目的相关情况。着重强调了当前满语研究保护中急需关注的几大问题，提出了要对满语遗存和应用现状作出全面普查及建构满语音像资料库的两大任务。六位子课题组负责人分别对所承担项目的研究内容、研究方法及预期成果等内容逐一作了汇报。与会专家一致认为,该项目研究对于满语保护、满学学科构建等方面意义重大，并从子课题设计、团队构成等方面肯定了该项目的可操作性。各位专家从资料库建构的相关技术、调研重点、语音资料整理等方面提出了建设性意见。五位评议专家均表示，中国满语文保护抢救工作迫在眉睫，满语研究者应形成合力，为项目的顺利实施提供必要的支持。\r\n\r\n　　至此，我校2016年获得的六项哲学社会科学研究国家级重大项目均成功开题。学校将全面贯彻落实习近平总书记在哲学社会科学工作座谈会上的讲话精神和全国高校思想政治工作会议精神，以学校第十四次党代会和“十三五”发展规划提出的“文科振兴繁荣”为目标，进一步激活广大教师从事重大前沿性课题研究的内生动力，加强顶层设计和团队建设，推进协同创新，力求以重大项目的研究为牵引，产出一系列重大创新性研究成果，更好地推进学校哲学社会科学的繁荣发展。',6,'2017-04-12 15:19:56','2017-04-12 15:19:56',2,0),(10,'我校教育部哲学社会科学研究重大课题攻关项目','　4月2日，由我校历史文化学院刘厚生教授为首席专家承担的教育部哲学社会科学研究重大课题攻关项目“中国满语文保护抢救口述史与满语音像资料库建构”举行开题报告会。\r\n\r\n　　由北京大学赵杰教授、中国第一历史档案馆吴元丰研究馆员、中央民族大学赵志忠教授、黑龙江大学赵阿平教授、辽宁省民族研究所何晓芳研究员等专家组成的评议专家组，吉林省政府新闻办对外交流处处长李校时，省文化厅非物质文化遗产处处长张志强，我校副校长韩东育教授及社会科学处、历史文化学院的负责人出席了会议。\r\n\r\n　　韩东育代表学校对课题组表示祝贺，对各位专家参与开题评审表示感谢。他首先肯定了刘厚生教授对满语传承与保护所作出的贡献和深厚的满学功底，认为该项目课题对于清史、满族史学、东北边疆史等研究具有重要意义，也契合了国家抢救保护“绝学”的需求。他希望各位与会专家对课题的开展给予深度指导，学校也将积极做好相关保障工作。\r\n\r\n　　刘厚生教授介绍了项目的相关情况。着重强调了当前满语研究保护中急需关注的几大问题，提出了要对满语遗存和应用现状作出全面普查及建构满语音像资料库的两大任务。六位子课题组负责人分别对所承担项目的研究内容、研究方法及预期成果等内容逐一作了汇报。与会专家一致认为,该项目研究对于满语保护、满学学科构建等方面意义重大，并从子课题设计、团队构成等方面肯定了该项目的可操作性。各位专家从资料库建构的相关技术、调研重点、语音资料整理等方面提出了建设性意见。五位评议专家均表示，中国满语文保护抢救工作迫在眉睫，满语研究者应形成合力，为项目的顺利实施提供必要的支持。\r\n\r\n　　至此，我校2016年获得的六项哲学社会科学研究国家级重大项目均成功开题。学校将全面贯彻落实习近平总书记在哲学社会科学工作座谈会上的讲话精神和全国高校思想政治工作会议精神，以学校第十四次党代会和“十三五”发展规划提出的“文科振兴繁荣”为目标，进一步激活广大教师从事重大前沿性课题研究的内生动力，加强顶层设计和团队建设，推进协同创新，力求以重大项目的研究为牵引，产出一系列重大创新性研究成果，更好地推进学校哲学社会科学的繁荣发展。',7,'2017-04-12 15:19:58','2017-04-12 15:19:58',3,0),(11,'我校教育部哲学社会科学研究重大课题攻关项目','　4月2日，由我校历史文化学院刘厚生教授为首席专家承担的教育部哲学社会科学研究重大课题攻关项目“中国满语文保护抢救口述史与满语音像资料库建构”举行开题报告会。\r\n\r\n　　由北京大学赵杰教授、中国第一历史档案馆吴元丰研究馆员、中央民族大学赵志忠教授、黑龙江大学赵阿平教授、辽宁省民族研究所何晓芳研究员等专家组成的评议专家组，吉林省政府新闻办对外交流处处长李校时，省文化厅非物质文化遗产处处长张志强，我校副校长韩东育教授及社会科学处、历史文化学院的负责人出席了会议。\r\n\r\n　　韩东育代表学校对课题组表示祝贺，对各位专家参与开题评审表示感谢。他首先肯定了刘厚生教授对满语传承与保护所作出的贡献和深厚的满学功底，认为该项目课题对于清史、满族史学、东北边疆史等研究具有重要意义，也契合了国家抢救保护“绝学”的需求。他希望各位与会专家对课题的开展给予深度指导，学校也将积极做好相关保障工作。\r\n\r\n　　刘厚生教授介绍了项目的相关情况。着重强调了当前满语研究保护中急需关注的几大问题，提出了要对满语遗存和应用现状作出全面普查及建构满语音像资料库的两大任务。六位子课题组负责人分别对所承担项目的研究内容、研究方法及预期成果等内容逐一作了汇报。与会专家一致认为,该项目研究对于满语保护、满学学科构建等方面意义重大，并从子课题设计、团队构成等方面肯定了该项目的可操作性。各位专家从资料库建构的相关技术、调研重点、语音资料整理等方面提出了建设性意见。五位评议专家均表示，中国满语文保护抢救工作迫在眉睫，满语研究者应形成合力，为项目的顺利实施提供必要的支持。\r\n\r\n　　至此，我校2016年获得的六项哲学社会科学研究国家级重大项目均成功开题。学校将全面贯彻落实习近平总书记在哲学社会科学工作座谈会上的讲话精神和全国高校思想政治工作会议精神，以学校第十四次党代会和“十三五”发展规划提出的“文科振兴繁荣”为目标，进一步激活广大教师从事重大前沿性课题研究的内生动力，加强顶层设计和团队建设，推进协同创新，力求以重大项目的研究为牵引，产出一系列重大创新性研究成果，更好地推进学校哲学社会科学的繁荣发展。',8,'2017-04-12 15:20:00','2017-04-12 15:20:00',4,1),(12,'我校教育部哲学社会科学研究重大课题攻关项目','　4月2日，由我校历史文化学院刘厚生教授为首席专家承担的教育部哲学社会科学研究重大课题攻关项目“中国满语文保护抢救口述史与满语音像资料库建构”举行开题报告会。\r\n\r\n　　由北京大学赵杰教授、中国第一历史档案馆吴元丰研究馆员、中央民族大学赵志忠教授、黑龙江大学赵阿平教授、辽宁省民族研究所何晓芳研究员等专家组成的评议专家组，吉林省政府新闻办对外交流处处长李校时，省文化厅非物质文化遗产处处长张志强，我校副校长韩东育教授及社会科学处、历史文化学院的负责人出席了会议。\r\n\r\n　　韩东育代表学校对课题组表示祝贺，对各位专家参与开题评审表示感谢。他首先肯定了刘厚生教授对满语传承与保护所作出的贡献和深厚的满学功底，认为该项目课题对于清史、满族史学、东北边疆史等研究具有重要意义，也契合了国家抢救保护“绝学”的需求。他希望各位与会专家对课题的开展给予深度指导，学校也将积极做好相关保障工作。\r\n\r\n　　刘厚生教授介绍了项目的相关情况。着重强调了当前满语研究保护中急需关注的几大问题，提出了要对满语遗存和应用现状作出全面普查及建构满语音像资料库的两大任务。六位子课题组负责人分别对所承担项目的研究内容、研究方法及预期成果等内容逐一作了汇报。与会专家一致认为,该项目研究对于满语保护、满学学科构建等方面意义重大，并从子课题设计、团队构成等方面肯定了该项目的可操作性。各位专家从资料库建构的相关技术、调研重点、语音资料整理等方面提出了建设性意见。五位评议专家均表示，中国满语文保护抢救工作迫在眉睫，满语研究者应形成合力，为项目的顺利实施提供必要的支持。\r\n\r\n　　至此，我校2016年获得的六项哲学社会科学研究国家级重大项目均成功开题。学校将全面贯彻落实习近平总书记在哲学社会科学工作座谈会上的讲话精神和全国高校思想政治工作会议精神，以学校第十四次党代会和“十三五”发展规划提出的“文科振兴繁荣”为目标，进一步激活广大教师从事重大前沿性课题研究的内生动力，加强顶层设计和团队建设，推进协同创新，力求以重大项目的研究为牵引，产出一系列重大创新性研究成果，更好地推进学校哲学社会科学的繁荣发展。',9,'2017-04-12 15:20:02','2017-04-12 15:20:02',4,6),(13,'我校教育部哲学社会科学研究重大课题攻关项目“中国满语文保护抢救口述史与满语音像资料库建构”开题报告会举行','　4月2日，由我校历史文化学院刘厚生教授为首席专家承担的教育部哲学社会科学研究重大课题攻关项目“中国满语文保护抢救口述史与满语音像资料库建构”举行开题报告会。\r\n\r\n　　由北京大学赵杰教授、中国第一历史档案馆吴元丰研究馆员、中央民族大学赵志忠教授、黑龙江大学赵阿平教授、辽宁省民族研究所何晓芳研究员等专家组成的评议专家组，吉林省政府新闻办对外交流处处长李校时，省文化厅非物质文化遗产处处长张志强，我校副校长韩东育教授及社会科学处、历史文化学院的负责人出席了会议。\r\n\r\n　　韩东育代表学校对课题组表示祝贺，对各位专家参与开题评审表示感谢。他首先肯定了刘厚生教授对满语传承与保护所作出的贡献和深厚的满学功底，认为该项目课题对于清史、满族史学、东北边疆史等研究具有重要意义，也契合了国家抢救保护“绝学”的需求。他希望各位与会专家对课题的开展给予深度指导，学校也将积极做好相关保障工作。\r\n\r\n　　刘厚生教授介绍了项目的相关情况。着重强调了当前满语研究保护中急需关注的几大问题，提出了要对满语遗存和应用现状作出全面普查及建构满语音像资料库的两大任务。六位子课题组负责人分别对所承担项目的研究内容、研究方法及预期成果等内容逐一作了汇报。与会专家一致认为,该项目研究对于满语保护、满学学科构建等方面意义重大，并从子课题设计、团队构成等方面肯定了该项目的可操作性。各位专家从资料库建构的相关技术、调研重点、语音资料整理等方面提出了建设性意见。五位评议专家均表示，中国满语文保护抢救工作迫在眉睫，满语研究者应形成合力，为项目的顺利实施提供必要的支持。\r\n\r\n　　至此，我校2016年获得的六项哲学社会科学研究国家级重大项目均成功开题。学校将全面贯彻落实习近平总书记在哲学社会科学工作座谈会上的讲话精神和全国高校思想政治工作会议精神，以学校第十四次党代会和“十三五”发展规划提出的“文科振兴繁荣”为目标，进一步激活广大教师从事重大前沿性课题研究的内生动力，加强顶层设计和团队建设，推进协同创新，力求以重大项目的研究为牵引，产出一系列重大创新性研究成果，更好地推进学校哲学社会科学的繁荣发展。',10,'2017-04-12 15:20:05','2017-04-12 15:20:05',5,1),(14,'我校“东北抗联与伪满洲国资料研究中心”揭牌仪式举行','4月6日，我校“东北抗联与伪满洲国资料研究中心”揭牌仪式及学术研讨会在历史文化学院举行。中国社会科学院近代史研究所副所长金以林研究员，中心合作基地磐石市市委常委、宣传部部长张峰，我校党委副书记王延、副校长韩东育，学校发展规划处、社会科学处、历史文化学院及磐石市旅游局等单位相关负责人，以及来自中国社会科学院、南京大学、香港中文大学、上海交通大学、南京师范大学、吉林大学等高校和科研机构的专家学者参加了揭牌仪式。\r\n\r\n　　研讨会上，韩东育教授，张峰，南京大学历史学院陈谦平教授，中国社会科学院近代史研究所研究员、《抗日战争研究》主编高士华，吉林省社科院副院长刘信君研究员，伪满皇宫博物院院长王志强，我校历史文化学院刘景岚教授先后作主题发言。与会代表还围绕整合研究力量、构建研究体系、提高研究水准等问题交流了看法。\r\n\r\n　　“东北抗联与伪满洲国资料研究中心”是依托我校历史文化学院成立的研究机构，旨在通过资料的收集与整理，打造东北抗联史和伪满洲国史研究的新平台。中心成立之前，我校历史文化学院的师生已经做了大量的档案资料、口述资料和国内外日文资料的搜集工作，并与磐石市、桦甸市等县市档案机构合作，发掘、整理了一批抗联史资料。中心的成立，对于推动东北抗联史、伪满洲国史乃至抗日战争史的深入研究具有重要意义。',9,'2017-04-12 15:20:29','2017-04-12 15:20:29',4,1),(15,'校工会召开会议部署第五届“双代会”筹备工作','　按照工作日程安排，我校第五届“双代会”将于6月13日至16日召开。4月7日，校工会作为“双代会”工作机构，组织召开了第四届“双代会”执委会委员、教代会代表组长及部门工会主席工作会议，部署第五届“双代会”筹备工作。\r\n\r\n　　会上，宣读了学校党委“关于同意召开东北师范大学第五届‘双代会’的批复”。第五届“双代会”筹备工作领导小组副组长、校工会负责人作了筹备工作汇报，对会议召开的具体时间、指导思想、主要议题、具体筹备日程安排、会议代表组成等情况作了详细介绍。筹备工作领导小组相关人员对《东北师范大学第五届“双代会”代表和执委会委员候选人选举办法》《东北师范大学第五届教职工暨工会会员代表大会代表提案工作安排意见》两份文件作了解读和说明。为进一步普及“双代会”知识，增强广大教职工的民主政治意识和“双代会”代表的履职能力，会议还下发了《“双代会”基础知识问答》手册。\r\n\r\n　　学校对第五届“双代会”的筹备工作非常重视。3月下旬，校工会在学校党委常委会上作了专项工作汇报，党政主要领导都对相关工作提出了明确要求。负责相关筹备工作的校领导也相继组织召开了协调会，部署任务的落实。\r\n\r\n　　根据本次会议部署，第五届“双代会”代表和执委会委员候选人选举工作正式启动。\r\n\r\n供稿单位：校工会撰稿：白立新网络编辑：谭海洪\r\n',1,'2017-04-12 15:22:47','2017-04-12 15:22:47',5,0);

/*Table structure for table `t_project` */

DROP TABLE IF EXISTS `t_project`;

CREATE TABLE `t_project` (
  `id` int(30) NOT NULL AUTO_INCREMENT COMMENT '项目id',
  `name` varchar(500) NOT NULL COMMENT '项目名称',
  `charger` varchar(30) NOT NULL DEFAULT '无' COMMENT '负责人',
  `teacher` varchar(30) NOT NULL DEFAULT '无' COMMENT '指导老师',
  `school_id` varchar(100) NOT NULL COMMENT '学院id',
  `school_name` varchar(500) NOT NULL DEFAULT '无' COMMENT '学院名称',
  `year` year(4) NOT NULL DEFAULT '2017' COMMENT '年份',
  `type` int(4) NOT NULL DEFAULT '2' COMMENT '项目类型：1国创 2科研立项',
  `created_time` timestamp NOT NULL DEFAULT CURRENT_TIMESTAMP COMMENT '创建时间',
  `last_modified_time` timestamp NOT NULL DEFAULT CURRENT_TIMESTAMP COMMENT '最近修改时间',
  PRIMARY KEY (`id`)
) ENGINE=InnoDB AUTO_INCREMENT=710 DEFAULT CHARSET=utf8;

/*Data for the table `t_project` */

insert  into `t_project`(`id`,`name`,`charger`,`teacher`,`school_id`,`school_name`,`year`,`type`,`created_time`,`last_modified_time`) values (1,'我国中部地区农村小学课程开设现状调查研究','刘  杰','无','1','教育学部',2012,1,'2017-04-13 15:14:03','2017-04-13 15:14:03'),(2,'活动经验对中小学生积极发展的影响','谢燕萍','无','1','教育学部',2012,1,'2017-04-13 15:14:03','2017-04-13 15:14:03'),(3,'“汉字·德育”活动方案：一种小学德育新途径的研发与应用','魏柳英','无','1','教育学部',2012,1,'2017-04-13 15:14:03','2017-04-13 15:14:03'),(4,'社会比较动机对女性身体意象的影响','吴晓靓','无','1','教育学部',2012,1,'2017-04-13 15:14:03','2017-04-13 15:14:03'),(5,'微博在高校思想政治教育工作中德发展现状及问题调查研究','岳  洋','无','2','政法学院',2012,1,'2017-04-13 15:14:03','2017-04-13 15:14:03'),(6,'延边地区在长吉图先导区建设中面临的调查和对策研究——基于对区域主体的调查','宿  野','无','2','政法学院',2012,1,'2017-04-13 15:14:03','2017-04-13 15:14:03'),(8,'大学生志愿服务现状、问题及对策研究——以长春市大学生志愿服务活动为例','赵翠翠','无','2','政法学院',2012,1,'2017-04-13 15:14:03','2017-04-13 15:14:03'),(10,'川北丘陵地带农村土地流转政策实施现状、问题及对策研究','刘  宁','无','2','政法学院',2012,1,'2017-04-13 15:14:03','2017-04-13 15:14:03'),(11,'长春市低收入家庭子女教育支出及其影响研究','蒋佰辰','无','9','经济学院',2012,1,'2017-04-13 15:14:03','2017-04-13 15:14:03'),(12,'农机购置补贴效益研究—以松原市为例','谭  亚','无','9','经济学院',2012,1,'2017-04-13 15:14:03','2017-04-13 15:14:03'),(13,'四川省东湖示范园区再利用农业循环经济模式研究','吴  娇','无','9','经济学院',2012,1,'2017-04-13 15:14:03','2017-04-13 15:14:03'),(14,'城市生活垃圾分类处理的经济效益和社会效益调查研究——以长春市为例','于慧颖','无','9','经济学院',2012,1,'2017-04-13 15:14:03','2017-04-13 15:14:03'),(16,'长春市轻轨社会效益问题实践研究','陈郁然','无','9','经济学院',2012,1,'2017-04-13 15:14:03','2017-04-13 15:14:03'),(17,'四川省绵竹市震后城镇化问题研究','马代坤','无','9','经济学院',2012,1,'2017-04-13 15:14:03','2017-04-13 15:14:03'),(18,'民营企业员工心理契约结构与中型民营制造业企业管理','梁靖瑶','无','3','商学院',2012,1,'2017-04-13 15:14:03','2017-04-13 15:14:03'),(19,'网购风险对消费者行为的影响的调查研究—以淘宝网为例','吴  磊','无','3','商学院',2012,1,'2017-04-13 15:14:03','2017-04-13 15:14:03'),(20,'财务报告舞弊问题研究','陈慧璇','无','3','商学院',2012,1,'2017-04-13 15:14:03','2017-04-13 15:14:03'),(21,'长春市公办养老机构护理人员薪酬福利的现状及对策研究','洪丹丹','无','3','商学院',2012,1,'2017-04-13 15:14:03','2017-04-13 15:14:03'),(22,'长春市老年人消费心理和行为分析及发展方向','蔡小滨','无','3','商学院',2012,1,'2017-04-13 15:14:03','2017-04-13 15:14:03'),(23,'东北地区新生代农民工体面劳动状况专项调查','宋晓雪','无','3','商学院',2012,1,'2017-04-13 15:14:03','2017-04-13 15:14:03'),(24,'吉林省城市居民绿色消费心理和行为分析及发展方向','何其玉','无','3','商学院',2012,1,'2017-04-13 15:14:03','2017-04-13 15:14:03'),(25,'中国农村小学“撤点并校”问题研究','李  文','无','10','文学院',2012,1,'2017-04-13 15:14:03','2017-04-13 15:14:03'),(26,'吉林省学前教育“语言”教学现状及优秀模式探究','周珊芳','无','10','文学院',2012,1,'2017-04-13 15:14:03','2017-04-13 15:14:03'),(27,'大陆与台湾中文系大学生专业文献阅读策略分析——以东北师范大学与国立台湾师范大学为例','杨  宁','无','10','文学院',2012,1,'2017-04-13 15:14:03','2017-04-13 15:14:03'),(29,'在校大学生对网络语言符号的认知与选择性传播特征研究','阳志标','无','10','文学院',2012,1,'2017-04-13 15:14:03','2017-04-13 15:14:03'),(30,'新课程高考下高中语文作文教育问题研究和改革趋势','黄羽西','无','10','文学院',2012,1,'2017-04-13 15:14:03','2017-04-13 15:14:03'),(31,'新课标背景下优秀传统文化走进小学语文教学课堂的形式的案例研究 ——以山东省、吉林省、甘肃省部分小学为例','巩  袁','无','10','文学院',2012,1,'2017-04-13 15:14:03','2017-04-13 15:14:03'),(33,'欧洲议会与“西藏问题”国际化研究','吴乐康','无','11','历史文化学院',2012,1,'2017-04-13 15:14:03','2017-04-13 15:14:03'),(34,'公众舆论对1906年美国食品立法的影响','崔新星','无','11','历史文化学院',2012,1,'2017-04-13 15:14:03','2017-04-13 15:14:03'),(35,'晚清关中县域经济探究——以樊增祥主政期为例','董晓博','无','11','历史文化学院',2012,1,'2017-04-13 15:14:03','2017-04-13 15:14:03'),(36,'元代少数民族妇女研究','周晓彤','无','11','历史文化学院',2012,1,'2017-04-13 15:14:03','2017-04-13 15:14:03'),(37,'长春市残障人士旅游行为及市场开发研究','李非同','无','11','历史文化学院',2012,1,'2017-04-13 15:14:03','2017-04-13 15:14:03'),(38,'从学堂教员的来源看清末教育改革的困顿','陈  东','无','11','历史文化学院',2012,1,'2017-04-13 15:14:03','2017-04-13 15:14:03'),(39,'中学英语教学中多媒体应用存在的差异及其影响性因素的研究','罗  婷','无','12','外国语学院',2012,1,'2017-04-13 15:14:03','2017-04-13 15:14:03'),(40,'长春市公共标识语英汉翻译规范性调研','王  鑫','无','12','外国语学院',2012,1,'2017-04-13 15:14:03','2017-04-13 15:14:03'),(41,'Gvozdjak猜想研究','张  伟','无','16','数学与统计学院',2012,1,'2017-04-13 15:14:03','2017-04-13 15:14:03'),(42,'关于kotzig猜想的研究','黄文强','无','16','数学与统计学院',2012,1,'2017-04-13 15:14:03','2017-04-13 15:14:03'),(43,'五维Malcev超代数的分类及其自同态的分类','邱红平','无','16','数学与统计学院',2012,1,'2017-04-13 15:14:03','2017-04-13 15:14:03'),(44,'基于统计方法的数学学科知识与教学能力的评价','王曼玲','无','16','数学与统计学院',2012,1,'2017-04-13 15:14:03','2017-04-13 15:14:03'),(45,'基于大肠图像的分类算法研究','李  羽','无','16','数学与统计学院',2012,1,'2017-04-13 15:14:03','2017-04-13 15:14:03'),(46,'两类Twisted李代数的导子研究','刘  畅','无','16','数学与统计学院',2012,1,'2017-04-13 15:14:03','2017-04-13 15:14:03'),(47,'对数学系师范生对高中数学新课程标准及教材内容熟识度的调研（以函数为例）','刘  琦','无','16','数学与统计学院',2012,1,'2017-04-13 15:14:03','2017-04-13 15:14:03'),(49,'基于支持向量机的赖氨酸甲基化的位点预测','张  欣','无','17','计算机科学与信息技术学院',2012,1,'2017-04-13 15:14:03','2017-04-13 15:14:03'),(51,'基于Android手机小游戏平台设计','王云鹤','无','17','计算机科学与信息技术学院',2012,1,'2017-04-13 15:14:03','2017-04-13 15:14:03'),(53,'基于android平台的管理器设计','邢琦玮','无','17','计算机科学与信息技术学院',2012,1,'2017-04-13 15:14:03','2017-04-13 15:14:03'),(55,'云环境下我国lib2.0研究','黄  佩','无','17','计算机科学与信息技术学院',2012,1,'2017-04-13 15:14:03','2017-04-13 15:14:03'),(57,'NENU Online Judge System','程颖宇','无','17','计算机科学与信息技术学院',2012,1,'2017-04-13 15:14:03','2017-04-13 15:14:03'),(59,'高校网络课程平台应用现状及问题解决对策研究——以东北师范大学为例','李淑分','无','17','计算机科学与信息技术学院',2012,1,'2017-04-13 15:14:03','2017-04-13 15:14:03'),(61,'探究不同类型音乐对学习效率的影响','张蓉蓉','无','17','计算机科学与信息技术学院',2012,1,'2017-04-13 15:14:03','2017-04-13 15:14:03'),(63,'基于androod平台的中学数学自适应测评系统研究','胡  瑾','无','18','软件学院',2012,1,'2017-04-13 15:14:03','2017-04-13 15:14:03'),(64,'基于图像处理的交通信息系统','韩凯利','无','18','软件学院',2012,1,'2017-04-13 15:14:03','2017-04-13 15:14:03'),(65,'基于嵌套式的智能照明与安防系统','王振如','无','18','软件学院',2012,1,'2017-04-13 15:14:03','2017-04-13 15:14:03'),(66,'个性网站信息收集网站','崔  元','无','18','软件学院',2012,1,'2017-04-13 15:14:03','2017-04-13 15:14:03'),(67,'Gd掺杂对忆阻器件物理特性影响的探究','沈  成','无','4','物理学院',2012,1,'2017-04-13 15:14:03','2017-04-13 15:14:03'),(68,'新型节能真空保温热水器','韦余月','无','4','物理学院',2012,1,'2017-04-13 15:14:03','2017-04-13 15:14:03'),(69,'石英晶体微天平（QCM）的原理及样机设计','董丽君','无','4','物理学院',2012,1,'2017-04-13 15:14:03','2017-04-13 15:14:03'),(70,'SiO2/Au/TiO2复合材料的制备及其光催化性质研究','王建锐','无','4','物理学院',2012,1,'2017-04-13 15:14:03','2017-04-13 15:14:03'),(71,'基于金纳米棒的光热转换效应实施药物分子的可控性释放研究','郝华伟','无','4','物理学院',2012,1,'2017-04-13 15:14:03','2017-04-13 15:14:03'),(72,'中学生自我概念与物理学业成绩关系的研究','刘慧杰','无','4','物理学院',2012,1,'2017-04-13 15:14:03','2017-04-13 15:14:03'),(73,'中子发生器控制台自动化研究','王丽佳','无','4','物理学院',2012,1,'2017-04-13 15:14:03','2017-04-13 15:14:03'),(74,'物联无线智能报警系统','杨明达','无','4','物理学院',2012,1,'2017-04-13 15:14:03','2017-04-13 15:14:03'),(75,'激光脉冲沉积技术中准分子激光羽辉的分子动力学研究','王  晓','无','4','物理学院',2012,1,'2017-04-13 15:14:03','2017-04-13 15:14:03'),(76,'用热蒸发法镀钛靶的技术对中子管性能的影响','高  杨','无','4','物理学院',2012,1,'2017-04-13 15:14:03','2017-04-13 15:14:03'),(77,'超导量子比特和电路','胡亚洋','无','4','物理学院',2012,1,'2017-04-13 15:14:03','2017-04-13 15:14:03'),(78,'3d杂核簇基高核金属氧簇的合成及应用研究','段  惠','无','5','化学学院',2012,1,'2017-04-13 15:14:03','2017-04-13 15:14:03'),(79,'聚苯胺纳米阵列结构的设计与作为超级电容器电极材料的研究','高  力','无','5','化学学院',2012,1,'2017-04-13 15:14:03','2017-04-13 15:14:03'),(80,'纳米淀粉基水处理高分子絮凝剂的合成及性能研究','翁  云','无','5','化学学院',2012,1,'2017-04-13 15:14:03','2017-04-13 15:14:03'),(81,'多金属氧酸盐固体催化剂的设计及过氧化氢氧化淀粉的性能研究','王  航','无','5','化学学院',2012,1,'2017-04-13 15:14:03','2017-04-13 15:14:03'),(82,'瘦肉精类物质的电化学检测方法研究','赵凯月','无','5','化学学院',2012,1,'2017-04-13 15:14:03','2017-04-13 15:14:03'),(83,'噻吩类化合物的新合成方法研究','勾明宇','无','5','化学学院',2012,1,'2017-04-13 15:14:03','2017-04-13 15:14:03'),(84,'铁催化吡咯及稠吡咯的合成研究','孟宪宇','无','5','化学学院',2012,1,'2017-04-13 15:14:03','2017-04-13 15:14:03'),(85,'硅钨钠多酸盐固体催化剂的设计及在湿法氧化降解水中苯酚的性质研究','李华成','无','5','化学学院',2012,1,'2017-04-13 15:14:03','2017-04-13 15:14:03'),(87,'多金属氧酸盐在显色检测过氧化氢及肿瘤细胞方面的性能研究','韦梅杰','无','5','化学学院',2012,1,'2017-04-13 15:14:03','2017-04-13 15:14:03'),(88,'SnO2/多酸型染料敏化太阳能电池的研制','彭芋杰','无','5','化学学院',2012,1,'2017-04-13 15:14:03','2017-04-13 15:14:03'),(89,'金属有机网络的构筑及其载药性能的研究','王  倩','无','5','化学学院',2012,1,'2017-04-13 15:14:03','2017-04-13 15:14:03'),(90,'稻属种间杂交诱导遗传变异及表观遗传变异的现象和机制探讨','张邦蛟','无','6','生命科学学院',2012,1,'2017-04-13 15:14:03','2017-04-13 15:14:03'),(91,'稻属种间杂交种在非生物胁迫下诱导产生的遗传及表观遗传变异的现象和机制探讨','孙  帅','无','6','生命科学学院',2012,1,'2017-04-13 15:14:03','2017-04-13 15:14:03'),(93,'不同放牧方式下植被微环境与素色异爪蝗多度间关系的初步研究','王  洋','无','6','生命科学学院',2012,1,'2017-04-13 15:14:03','2017-04-13 15:14:03'),(94,'生物转化制备人参皂甙Rg2','胡彦波','无','6','生命科学学院',2012,1,'2017-04-13 15:14:03','2017-04-13 15:14:03'),(95,'生物转化法制备神经节苷脂GM1','冷佳益','无','6','生命科学学院',2012,1,'2017-04-13 15:14:03','2017-04-13 15:14:03'),(96,'小ERF转录因子ERF096对拟南芥生长发育的调控','柳善达','无','6','生命科学学院',2012,1,'2017-04-13 15:14:03','2017-04-13 15:14:03'),(97,'SR57227对PTZ诱导癫痫发作的影响及其作用机制研究','王  亮','无','6','生命科学学院',2012,1,'2017-04-13 15:14:03','2017-04-13 15:14:03'),(98,'FDF-1对乳腺癌转移作用的实验研究','杜  爽','无','6','生命科学学院',2012,1,'2017-04-13 15:14:03','2017-04-13 15:14:03'),(99,'松嫩草地丛枝菌根真菌影响植物种间关系的机制研究','张露丹','无','6','生命科学学院',2012,1,'2017-04-13 15:14:03','2017-04-13 15:14:03'),(100,'直翅目昆虫鸣声通讯及其电生理研究','杜  伟','无','6','生命科学学院',2012,1,'2017-04-13 15:14:03','2017-04-13 15:14:03'),(101,'松嫩草地主要C3和C4植物对水分变异的敏感性和生长适应','邓  钰','无','6','生命科学学院',2012,1,'2017-04-13 15:14:03','2017-04-13 15:14:03'),(102,'栽培人参及其野生亲本的遗传结构研究','史凤雪','无','6','生命科学学院',2012,1,'2017-04-13 15:14:03','2017-04-13 15:14:03'),(103,'基于林线变动的长白山苔原带土壤理化性质研究','敖小龙','无','30','城市与环境科学学院',2012,1,'2017-04-13 15:14:03','2017-04-13 15:14:03'),(104,'哈尼泥炭地粒度信息记录的冬季风强弱变化规律的研究','阳金秀','无','30','城市与环境科学学院',2012,1,'2017-04-13 15:14:03','2017-04-13 15:14:03'),(105,'排水对小兴安岭泥炭藓泥炭沼泽有壳变形虫的影响研究','王从洋','无','30','城市与环境科学学院',2012,1,'2017-04-13 15:14:03','2017-04-13 15:14:03'),(106,'城市典型地面目标在不同时相的热辐射特性研究','刘  宇','无','30','城市与环境科学学院',2012,1,'2017-04-13 15:14:03','2017-04-13 15:14:03'),(107,'白腹管鼻蝠成体交流声波多样性研究','张亢亢','无','30','城市与环境科学学院',2012,1,'2017-04-13 15:14:03','2017-04-13 15:14:03'),(108,'纳米TiO2/H3PW12O40复合膜的制备及其对典型染料的光催化降解研究','滕良慧','无','30','城市与环境科学学院',2012,1,'2017-04-13 15:14:03','2017-04-13 15:14:03'),(109,'长春市商业空间的发展机理研究——基于洋快餐空间扩散的解读','王  进','无','30','城市与环境科学学院',2012,1,'2017-04-13 15:14:03','2017-04-13 15:14:03'),(110,'Bacillaceae sp.CR1对反式-4-甲基-环己烷酸好氧共代谢的降解动力学研究','于海丽','无','30','城市与环境科学学院',2012,1,'2017-04-13 15:14:03','2017-04-13 15:14:03'),(112,'环境变化对长白山泥炭地碳库功能的影响','张兵将','无','30','城市与环境科学学院',2012,1,'2017-04-13 15:14:03','2017-04-13 15:14:03'),(113,'水体在湿地植物初生演替中的作用机制研究','刘子楠','无','30','城市与环境科学学院',2012,1,'2017-04-13 15:14:03','2017-04-13 15:14:03'),(114,'网络视频节目自制与大学生收视群体引导策略研究','欧阳如一','无','19','传媒科学学院',2012,1,'2017-04-13 15:14:03','2017-04-13 15:14:03'),(115,'新媒体环境下的品牌互动营销—以“尊尼获加”品牌为例','王海霞','无','19','传媒科学学院',2012,1,'2017-04-13 15:14:03','2017-04-13 15:14:03'),(116,'网络媒体对18~35岁受众价值观的影响调查','柳  笛','无','19','传媒科学学院',2012,1,'2017-04-13 15:14:03','2017-04-13 15:14:03'),(117,'新媒体环境下大学生就业创业规划意识与社会竞争力研究','单  博','无','19','传媒科学学院',2012,1,'2017-04-13 15:14:03','2017-04-13 15:14:03'),(118,'全媒体语境下电视受众的文化价值观形成分析','郭  旭','无','19','传媒科学学院',2012,1,'2017-04-13 15:14:03','2017-04-13 15:14:03'),(119,'吉林省家庭教会组织：现状、问题及对策研究','杨  磊','无','15','马克思主义学院',2012,1,'2017-04-13 15:14:03','2017-04-13 15:14:03'),(120,'当代大学生精神生活状况及其问题的调查研究——以长春市大学为例','何有英','无','15','马克思主义学院',2012,1,'2017-04-13 15:14:03','2017-04-13 15:14:03'),(121,'DirecTing生涯规划指导咨询创业计划','董妍茜','无','1','教育学部',2012,1,'2017-04-13 15:14:03','2017-04-13 15:14:03'),(122,'儿童吧','宋词曲桐','无','1','教育学部',2012,1,'2017-04-13 15:14:03','2017-04-13 15:14:03'),(123,'“儿童之家”——临时性幼儿托管机构','李宸歌','无','1','教育学部',2012,1,'2017-04-13 15:14:03','2017-04-13 15:14:03'),(124,'有关“路优悠”交通指示器之第一代限号提醒装置的调查研究','王敏琦','无','1','教育学部',2012,1,'2017-04-13 15:14:03','2017-04-13 15:14:03'),(125,'校园人人旧物交易平台','何沁芸','无','9','经济学院',2012,1,'2017-04-13 15:14:03','2017-04-13 15:14:03'),(126,'格调生活馆','徐健文','无','11','历史文化学院',2012,1,'2017-04-13 15:14:03','2017-04-13 15:14:03'),(127,'大学生对外交流服务联盟','刘丽娜','无','11','历史文化学院',2012,1,'2017-04-13 15:14:03','2017-04-13 15:14:03'),(128,'卓音网络就业服务公司','王  洪','无','12','外国语学院',2012,1,'2017-04-13 15:14:03','2017-04-13 15:14:03'),(129,'环保艾迪嘉多功能家庭机专营店','赵  爽','无','12','外国语学院',2012,1,'2017-04-13 15:14:03','2017-04-13 15:14:03'),(130,'探究时尚传统型唐装的市场及创业前景','孙亚洲','无','16','数学与统计学院',2012,1,'2017-04-13 15:14:03','2017-04-13 15:14:03'),(131,'研究新一代教育机构的创办','姚晓光','无','16','数学与统计学院',2012,1,'2017-04-13 15:14:03','2017-04-13 15:14:03'),(132,'“华韵”中国文化交流培训公司','李梁木','无','16','数学与统计学院',2012,1,'2017-04-13 15:14:03','2017-04-13 15:14:03'),(133,'DIY手工店','余永毅','无','16','数学与统计学院',2012,1,'2017-04-13 15:14:03','2017-04-13 15:14:03'),(134,'绿色生态水','刘  洋','无','16','数学与统计学院',2012,1,'2017-04-13 15:14:03','2017-04-13 15:14:03'),(135,'长春市废弃笔芯回收再利用与销售项目','徐新玉','无','16','数学与统计学院',2012,1,'2017-04-13 15:14:03','2017-04-13 15:14:03'),(136,'“明天有你”高中生职业规划服务项目','荣鑫淼','无','16','数学与统计学院',2012,1,'2017-04-13 15:14:03','2017-04-13 15:14:03'),(137,'新型服药提醒器','董泓利','无','4','物理学院',2012,1,'2017-04-13 15:14:03','2017-04-13 15:14:03'),(138,'ebuy奶牛网','吕艳坤','无','4','物理学院',2012,1,'2017-04-13 15:14:03','2017-04-13 15:14:03'),(139,'校园百脑汇','赵晨阳','无','4','物理学院',2012,1,'2017-04-13 15:14:03','2017-04-13 15:14:03'),(140,'便捷式移动目标监控管理系统','孙丽敏','无','4','物理学院',2012,1,'2017-04-13 15:14:03','2017-04-13 15:14:03'),(141,'创意LED设计室','吴  越','无','4','物理学院',2012,1,'2017-04-13 15:14:03','2017-04-13 15:14:03'),(142,'启思物理培训机构','张  琦','无','4','物理学院',2012,1,'2017-04-13 15:14:03','2017-04-13 15:14:03'),(143,'面向大学生的创意类杂志与安卓阅读软件同步开发的创业训练','王  宁','无','30','城市与环境科学学院',2012,1,'2017-04-13 15:14:03','2017-04-13 15:14:03'),(144,'启明综合家教服务中心','李彦平','无','30','城市与环境科学学院',2012,1,'2017-04-13 15:14:03','2017-04-13 15:14:03'),(145,'NOVE（新星）校园传媒公司','李  静','无','19','传媒科学学院',2012,1,'2017-04-13 15:14:03','2017-04-13 15:14:03'),(146,'长春千一诺文化责任有限公司','臧铭初','无','19','传媒科学学院',2012,1,'2017-04-13 15:14:03','2017-04-13 15:14:03'),(147,'城市滞留型污染水体上岸循环净化系统','侯佳志','无','32','清流团队',2012,1,'2017-04-13 15:14:03','2017-04-13 15:14:03'),(148,'奶牛文化传媒有限责任公司','臧铭初','无','33','奶牛团队',2012,1,'2017-04-13 15:14:03','2017-04-13 15:14:03'),(149,'领控保鲜技术开发有限责任公司','闫津廷','无','34','Nenu鲜行者',2012,1,'2017-04-13 15:14:03','2017-04-13 15:14:03'),(150,'生物转化制备抗肿瘤药物人参皂甙C-K','宋成程','无','35','智健生物科技',2012,1,'2017-04-13 15:14:03','2017-04-13 15:14:03'),(151,'小学课后辅导班开设及学生参与现状调查','兰婷芳','无','1','教育学部',2013,1,'2017-04-13 15:20:14','2017-04-13 15:20:14'),(152,'探究促进大学生给你积极品质发展的大学活动经验','刘晓东','无','1','教育学部',2013,1,'2017-04-13 15:20:14','2017-04-13 15:20:14'),(153,'超前学习书本知识与小学生学业成就关系研究\n（以小学生二年级数学学习为例）','朱润蕾','无','1','教育学部',2013,1,'2017-04-13 15:20:14','2017-04-13 15:20:14'),(155,'长春市公办幼儿园保育员素质现状研究','欧  柔','无','1','教育学部',2013,1,'2017-04-13 15:20:14','2017-04-13 15:20:14'),(156,'小学生“数与代数”学习常见错误研究及教学建议','李梦茹','无','1','教育学部',2013,1,'2017-04-13 15:20:14','2017-04-13 15:20:14'),(157,'幼儿园音乐教育活动对儿童情绪发展影响','韩  慧','无','1','教育学部',2013,1,'2017-04-13 15:20:14','2017-04-13 15:20:14'),(158,'长春市自闭症儿童教育师资现状调查与问题研究','周凯旋','无','2','政法学院',2013,1,'2017-04-13 15:20:14','2017-04-13 15:20:14'),(159,'“拉面经济”对西北少数民族义务教育的影响','马玉芳','无','2','政法学院',2013,1,'2017-04-13 15:20:14','2017-04-13 15:20:14'),(160,'免费师范生的学习和生活状况调查——以东北师范大学为例','陈  欣','无','2','政法学院',2013,1,'2017-04-13 15:20:14','2017-04-13 15:20:14'),(161,'吉林省农村居民最低生活保障制度的实行效力——以分区调研为基础','彭小兰','无','2','政法学院',2013,1,'2017-04-13 15:20:14','2017-04-13 15:20:14'),(163,'高校应急及重病资助基金运行模式研究','兰  昊','无','2','政法学院',2013,1,'2017-04-13 15:20:14','2017-04-13 15:20:14'),(164,'半城市化人口的社会融入问题——以吉林省长春市为例','沈  悦','无','9','经济学院',2013,1,'2017-04-13 15:20:14','2017-04-13 15:20:14'),(165,'关于安徽省农村学校展开的调查','王  煌','无','9','经济学院',2013,1,'2017-04-13 15:20:14','2017-04-13 15:20:14'),(166,'西南地区发展养殖型家庭农场的可行性研究\n——基于四川省江安县的调研分析','罗  艺','无','9','经济学院',2013,1,'2017-04-13 15:20:14','2017-04-13 15:20:14'),(168,'山东省临沂市物流业集群综合一体化研究','岳  琪','无','9','经济学院',2013,1,'2017-04-13 15:20:14','2017-04-13 15:20:14'),(169,'吉林省小微企业融资问题的研究','朱  羽','无','3','商学院',2013,1,'2017-04-13 15:20:14','2017-04-13 15:20:14'),(170,'我国自主品牌汽车消费需求的调查研究','王  倩','无','3','商学院',2013,1,'2017-04-13 15:20:14','2017-04-13 15:20:14'),(171,'新时期两岸三地高中教材中现当代小说的迁入迁出','赵仲珩','无','10','文学院',2013,1,'2017-04-13 15:20:14','2017-04-13 15:20:14'),(172,'新课标下以吟诵促进小学语文古诗词情境教学方法初探\n——以甘、滇、湘、吉四省部分小学为试点','张乔涛','无','10','文学院',2013,1,'2017-04-13 15:20:14','2017-04-13 15:20:14'),(174,'中国梦·教育梦之两岸三地初中语文探究性学习比较研究\n——以吉林省、香港特别行政区、台湾部分地区为例','张明新','无','10','文学院',2013,1,'2017-04-13 15:20:14','2017-04-13 15:20:14'),(176,'韩非子“游侠”解析','夏泽华','无','11','历史文化学院',2013,1,'2017-04-13 15:20:14','2017-04-13 15:20:14'),(177,'口述史下的1948年长春围城事件研究','许  浩','无','11','历史文化学院',2013,1,'2017-04-13 15:20:14','2017-04-13 15:20:14'),(178,'韩非子政治伦理的当代考量','刘宇昊','无','11','历史文化学院',2013,1,'2017-04-13 15:20:14','2017-04-13 15:20:14'),(179,'Android系统英语学习软件有效性调查研究','宫晓菲','无','12','外国语学院',2013,1,'2017-04-13 15:20:14','2017-04-13 15:20:14'),(180,'吉林省伊通县王家屯新农村建设民居规划与设计分析','梁  爽','无','14','美术学院',2013,1,'2017-04-13 15:20:14','2017-04-13 15:20:14'),(181,'当代大学生对于汉族传统服饰文化认知程度的探究\n——以中部地区与东北地区为例','张英男','无','14','美术学院',2013,1,'2017-04-13 15:20:14','2017-04-13 15:20:14'),(182,'关于东北民俗青牛葫芦及女真火绘艺术的现状研究','李  婕','无','14','美术学院',2013,1,'2017-04-13 15:20:14','2017-04-13 15:20:14'),(183,'“梨树县新合村‘海选’过程的重点个案研究”','刘春娇','无','15','马克思主义学部',2013,1,'2017-04-13 15:20:14','2017-04-13 15:20:14'),(184,'新型农村合作社成长的资源类型及其获取方式\n——给予吉林省梨树县的实证调研','吴宗劲','无','15','马克思主义学部',2013,1,'2017-04-13 15:20:14','2017-04-13 15:20:14'),(185,'蔡元培《中学修身教科书》研读','任  航','无','15','马克思主义学部',2013,1,'2017-04-13 15:20:14','2017-04-13 15:20:14'),(186,'网络时代下大学生新型交往关系的探寻','陈荑馨','无','15','马克思主义学部',2013,1,'2017-04-13 15:20:14','2017-04-13 15:20:14'),(187,'时滞微分方程Double-Hopf点的数值计算方法研究','史亭亭','无','16','数学与统计学院',2013,1,'2017-04-13 15:20:14','2017-04-13 15:20:14'),(188,'基于人工蜂群的车辆路径问题求解方法','牛秀南','无','17','计算机科学与\n信息技术学院',2013,1,'2017-04-13 15:20:14','2017-04-13 15:20:14'),(189,'基于异构信息网络的电子商务混合推荐系统开发','桂  欣','无','17','计算机科学与\n信息技术学院',2013,1,'2017-04-13 15:20:14','2017-04-13 15:20:14'),(190,'Android移动设备客户端访问无线网络的开发','班耀存','无','17','计算机科学与\n信息技术学院',2013,1,'2017-04-13 15:20:14','2017-04-13 15:20:14'),(191,'基于Android平台的智慧农业系统设计','温美玲','无','17','计算机科学与\n信息技术学院',2013,1,'2017-04-13 15:20:14','2017-04-13 15:20:14'),(192,'基于社交网络的信息挖掘和研究','包玲玲','无','17','计算机科学与\n信息技术学院',2013,1,'2017-04-13 15:20:14','2017-04-13 15:20:14'),(193,'东师WAITER','张  昂','无','18','信息与软件工程学院',2013,1,'2017-04-13 15:20:14','2017-04-13 15:20:14'),(194,'基于Android条码识别的医务信息系统','焦淑海','无','18','信息与软件工程学院',2013,1,'2017-04-13 15:20:14','2017-04-13 15:20:14'),(195,'利用云技术同步数据的英语学习软件','姚意林','无','18','信息与软件工程学院',2013,1,'2017-04-13 15:20:14','2017-04-13 15:20:14'),(196,'构建基于本体库的软件开发技术交流社区','张家鑫','无','18','信息与软件工程学院',2013,1,'2017-04-13 15:20:14','2017-04-13 15:20:14'),(197,'基于安卓的地震的安全教育模拟体验室','尹晓婧','无','18','信息与软件工程学院',2013,1,'2017-04-13 15:20:14','2017-04-13 15:20:14'),(198,'基于局域表面等离子体激元增强的Si/SiO2\n多量子阱发光器件的研究','刘建一','无','4','物理学院',2013,1,'2017-04-13 15:20:14','2017-04-13 15:20:14'),(199,'快中子对小鼠癌细胞生物效应的深入分析','贾振妍','无','4','物理学院',2013,1,'2017-04-13 15:20:14','2017-04-13 15:20:14'),(200,'想干点光源空间干涉的深入研究','高长贤','无','4','物理学院',2013,1,'2017-04-13 15:20:14','2017-04-13 15:20:14'),(201,'金壳层材料制备及光热转化效应研究','陈楠楠','无','4','物理学院',2013,1,'2017-04-13 15:20:14','2017-04-13 15:20:14'),(202,'中子管钪-钛合金靶胶的性能研究','崔思雨','无','4','物理学院',2013,1,'2017-04-13 15:20:14','2017-04-13 15:20:14'),(203,'保障隧道中电子电气设备正常工作的温湿度控制系统','许  森','无','4','物理学院',2013,1,'2017-04-13 15:20:14','2017-04-13 15:20:14'),(204,'Cu2ZnSnS4薄胶太阳能电池的制备及其性能研究 ','战笑然','无','4','物理学院',2013,1,'2017-04-13 15:20:14','2017-04-13 15:20:14'),(205,'纳米结构聚苯胺的设计生长与性能研究','黄  磊','无','5','化学学院',2013,1,'2017-04-13 15:20:14','2017-04-13 15:20:14'),(206,'多尺度理论模拟室内毒性气体在COF中的吸附','庞羽佳','无','5','化学学院',2013,1,'2017-04-13 15:20:14','2017-04-13 15:20:14'),(207,'端炔的芳基迁移氨氧化反应','张思文','无','5','化学学院',2013,1,'2017-04-13 15:20:14','2017-04-13 15:20:14'),(208,'吡咯新合成方法研究','邱  佳','无','5','化学学院',2013,1,'2017-04-13 15:20:14','2017-04-13 15:20:14'),(209,'硅酸盐中空纳米纤维的制备及其对重金属离子吸附性能的研究','杨  阳','无','5','化学学院',2013,1,'2017-04-13 15:20:14','2017-04-13 15:20:14'),(210,'碳纳米复合纤维作为锂电池负极片的制备及其导电性质研究','马  丽','无','5','化学学院',2013,1,'2017-04-13 15:20:14','2017-04-13 15:20:14'),(211,'过渡金属簇功能化的多钨酸盐的设计、合成及光催化性能的研究','陈奕臻','无','5','化学学院',2013,1,'2017-04-13 15:20:14','2017-04-13 15:20:14'),(212,'水稻多倍体在盐、冷胁迫环境下产生的生理应答及其分子机制','曹  帅','无','6','生命科学学院',2013,1,'2017-04-13 15:20:14','2017-04-13 15:20:14'),(213,'长白山森林土壤中纤维素讲解维生素的筛选及多样性研究','赵书博','无','6','生命科学学院',2013,1,'2017-04-13 15:20:14','2017-04-13 15:20:14'),(214,'土壤有机质pH值和主要元素对东北地区\n芦苇植硅体形成的影响研究','李思琪','无','7','地理科学学院',2013,1,'2017-04-13 15:20:14','2017-04-13 15:20:14'),(215,'基于流域尺度的莫莫格保护区湿地变化的驱动机制研究','李向前','无','7','地理科学学院',2013,1,'2017-04-13 15:20:14','2017-04-13 15:20:14'),(216,'长白山地泥炭沼泽记录的铅沉降及其环境意义','杨倩楠','无','7','地理科学学院',2013,1,'2017-04-13 15:20:14','2017-04-13 15:20:14'),(217,'白腹管鼻蝠食物交流声波的特征和功能研究','徐  非','无','8','环境学院',2013,1,'2017-04-13 15:20:14','2017-04-13 15:20:14'),(218,'邻氯苯酚光催化降解过程中影响因素的研究','张  婷','无','8','环境学院',2013,1,'2017-04-13 15:20:14','2017-04-13 15:20:14'),(219,'吉林省普通高校冬季课余体育活动开展现状及对策研究','马文卿','无','20','体育学院',2013,1,'2017-04-13 15:20:14','2017-04-13 15:20:14'),(220,'吉林省高校体育专业早操模式调查及政策改革','毕  森','无','20','体育学院',2013,1,'2017-04-13 15:20:14','2017-04-13 15:20:14'),(221,'大学生微博营销接触和使用情况调查——以东北师范大学学生为例','李一聪','无','19','传媒科学学院',2013,1,'2017-04-13 15:20:14','2017-04-13 15:20:14'),(222,'当下大学生影视鉴赏能力现状的调查研究——以长春地区大学生为例','马鹏陈','无','19','传媒科学学院',2013,1,'2017-04-13 15:20:14','2017-04-13 15:20:14'),(223,'验证码广告植入的商业应用价值研究','王丹琳','无','19','传媒科学学院',2013,1,'2017-04-13 15:20:14','2017-04-13 15:20:14'),(224,'“长尾理论”分析视频网站发展——以影视局网站LETV为例','曲  锐','无','19','传媒科学学院',2013,1,'2017-04-13 15:20:14','2017-04-13 15:20:14'),(225,'热管发电系统','张  燕','无','4','物理学院',2013,1,'2017-04-13 15:20:14','2017-04-13 15:20:14'),(226,'婴幼儿专业教育馆、网站','曹  月','无','1','教育学部',2013,1,'2017-04-13 15:20:14','2017-04-13 15:20:14'),(227,'The Artist服装批量定制及品牌服装原创设计','崔  博','无','14','美术学院',2013,1,'2017-04-13 15:20:14','2017-04-13 15:20:14'),(228,'赛罕文化传播教育就团有限公司','赵金波','无','19','传媒科学学院',2013,1,'2017-04-13 15:20:14','2017-04-13 15:20:14'),(229,'管理软件狙击手','苏  楠','无','16','数学与统计学院',2013,1,'2017-04-13 15:20:14','2017-04-13 15:20:14'),(230,'基于国外代购下的电子商务平台搭建','姚新月','无','9','经济学院',2013,1,'2017-04-13 15:20:14','2017-04-13 15:20:14'),(231,'长春高校联合外联中心','任  帅','无','1','教育学院',2013,1,'2017-04-13 15:20:14','2017-04-13 15:20:14'),(232,'手绘文化衫店','吕  欣','无','16','数学与统计学院',2013,1,'2017-04-13 15:20:14','2017-04-13 15:20:14'),(233,'多功能压力传感控制枕','唐宁炜','无','4','物理学院',2013,1,'2017-04-13 15:20:14','2017-04-13 15:20:14'),(234,'“新推客”传媒信息咨询服务公司','刘子铭','无','19','传媒科学学院',2013,1,'2017-04-13 15:20:14','2017-04-13 15:20:14'),(235,'长春市知学文化传媒有限公司','邵子健','无','19','传媒科学学院',2013,1,'2017-04-13 15:20:14','2017-04-13 15:20:14'),(245,'小学课后辅导班开设及学生参与现状调查','兰婷芳','无','1','教育学部',2014,1,'2017-04-13 15:22:30','2017-04-13 15:22:30'),(246,'探究促进大学生给你积极品质发展的大学活动经验','刘晓东','无','1','教育学部',2014,1,'2017-04-13 15:22:30','2017-04-13 15:22:30'),(247,'超前学习书本知识与小学生学业成就关系研究\n（以小学生二年级数学学习为例）','朱润蕾','无','1','教育学部',2014,1,'2017-04-13 15:22:30','2017-04-13 15:22:30'),(249,'长春市公办幼儿园保育员素质现状研究','欧  柔','无','1','教育学部',2014,1,'2017-04-13 15:22:30','2017-04-13 15:22:30'),(250,'小学生“数与代数”学习常见错误研究及教学建议','李梦茹','无','1','教育学部',2014,1,'2017-04-13 15:22:30','2017-04-13 15:22:30'),(251,'幼儿园音乐教育活动对儿童情绪发展影响','韩  慧','无','1','教育学部',2014,1,'2017-04-13 15:22:30','2017-04-13 15:22:30'),(252,'长春市自闭症儿童教育师资现状调查与问题研究','周凯旋','无','2','政法学院',2014,1,'2017-04-13 15:22:30','2017-04-13 15:22:30'),(253,'“拉面经济”对西北少数民族义务教育的影响','马玉芳','无','2','政法学院',2014,1,'2017-04-13 15:22:30','2017-04-13 15:22:30'),(254,'免费师范生的学习和生活状况调查——以东北师范大学为例','陈  欣','无','2','政法学院',2014,1,'2017-04-13 15:22:30','2017-04-13 15:22:30'),(255,'吉林省农村居民最低生活保障制度的实行效力——以分区调研为基础','彭小兰','无','2','政法学院',2014,1,'2017-04-13 15:22:30','2017-04-13 15:22:30'),(257,'高校应急及重病资助基金运行模式研究','兰  昊','无','2','政法学院',2014,1,'2017-04-13 15:22:30','2017-04-13 15:22:30'),(258,'半城市化人口的社会融入问题——以吉林省长春市为例','沈  悦','无','9','经济学院',2014,1,'2017-04-13 15:22:30','2017-04-13 15:22:30'),(259,'关于安徽省农村学校展开的调查','王  煌','无','9','经济学院',2014,1,'2017-04-13 15:22:30','2017-04-13 15:22:30'),(260,'西南地区发展养殖型家庭农场的可行性研究\n——基于四川省江安县的调研分析','罗  艺','无','9','经济学院',2014,1,'2017-04-13 15:22:30','2017-04-13 15:22:30'),(262,'山东省临沂市物流业集群综合一体化研究','岳  琪','无','9','经济学院',2014,1,'2017-04-13 15:22:30','2017-04-13 15:22:30'),(263,'吉林省小微企业融资问题的研究','朱  羽','无','3','商学院',2014,1,'2017-04-13 15:22:30','2017-04-13 15:22:30'),(264,'我国自主品牌汽车消费需求的调查研究','王  倩','无','3','商学院',2014,1,'2017-04-13 15:22:30','2017-04-13 15:22:30'),(265,'新时期两岸三地高中教材中现当代小说的迁入迁出','赵仲珩','无','10','文学院',2014,1,'2017-04-13 15:22:30','2017-04-13 15:22:30'),(266,'新课标下以吟诵促进小学语文古诗词情境教学方法初探\n——以甘、滇、湘、吉四省部分小学为试点','张乔涛','无','10','文学院',2014,1,'2017-04-13 15:22:30','2017-04-13 15:22:30'),(268,'中国梦·教育梦之两岸三地初中语文探究性学习比较研究\n——以吉林省、香港特别行政区、台湾部分地区为例','张明新','无','10','文学院',2014,1,'2017-04-13 15:22:30','2017-04-13 15:22:30'),(270,'韩非子“游侠”解析','夏泽华','无','11','历史文化学院',2014,1,'2017-04-13 15:22:30','2017-04-13 15:22:30'),(271,'口述史下的1948年长春围城事件研究','许  浩','无','11','历史文化学院',2014,1,'2017-04-13 15:22:30','2017-04-13 15:22:30'),(272,'韩非子政治伦理的当代考量','刘宇昊','无','11','历史文化学院',2014,1,'2017-04-13 15:22:30','2017-04-13 15:22:30'),(273,'Android系统英语学习软件有效性调查研究','宫晓菲','无','12','外国语学院',2014,1,'2017-04-13 15:22:30','2017-04-13 15:22:30'),(274,'吉林省伊通县王家屯新农村建设民居规划与设计分析','梁  爽','无','14','美术学院',2014,1,'2017-04-13 15:22:30','2017-04-13 15:22:30'),(275,'当代大学生对于汉族传统服饰文化认知程度的探究\n——以中部地区与东北地区为例','张英男','无','14','美术学院',2014,1,'2017-04-13 15:22:30','2017-04-13 15:22:30'),(276,'关于东北民俗青牛葫芦及女真火绘艺术的现状研究','李  婕','无','14','美术学院',2014,1,'2017-04-13 15:22:30','2017-04-13 15:22:30'),(277,'“梨树县新合村‘海选’过程的重点个案研究”','刘春娇','无','15','马克思主义学部',2014,1,'2017-04-13 15:22:30','2017-04-13 15:22:30'),(278,'新型农村合作社成长的资源类型及其获取方式\n——给予吉林省梨树县的实证调研','吴宗劲','无','15','马克思主义学部',2014,1,'2017-04-13 15:22:30','2017-04-13 15:22:30'),(279,'蔡元培《中学修身教科书》研读','任  航','无','15','马克思主义学部',2014,1,'2017-04-13 15:22:30','2017-04-13 15:22:30'),(280,'网络时代下大学生新型交往关系的探寻','陈荑馨','无','15','马克思主义学部',2014,1,'2017-04-13 15:22:30','2017-04-13 15:22:30'),(281,'时滞微分方程Double-Hopf点的数值计算方法研究','史亭亭','无','16','数学与统计学院',2014,1,'2017-04-13 15:22:30','2017-04-13 15:22:30'),(282,'基于人工蜂群的车辆路径问题求解方法','牛秀南','无','17','计算机科学与\n信息技术学院',2014,1,'2017-04-13 15:22:30','2017-04-13 15:22:30'),(283,'基于异构信息网络的电子商务混合推荐系统开发','桂  欣','无','17','计算机科学与\n信息技术学院',2014,1,'2017-04-13 15:22:30','2017-04-13 15:22:30'),(284,'Android移动设备客户端访问无线网络的开发','班耀存','无','17','计算机科学与\n信息技术学院',2014,1,'2017-04-13 15:22:30','2017-04-13 15:22:30'),(285,'基于Android平台的智慧农业系统设计','温美玲','无','17','计算机科学与\n信息技术学院',2014,1,'2017-04-13 15:22:30','2017-04-13 15:22:30'),(286,'基于社交网络的信息挖掘和研究','包玲玲','无','17','计算机科学与\n信息技术学院',2014,1,'2017-04-13 15:22:30','2017-04-13 15:22:30'),(287,'东师WAITER','张  昂','无','18','信息与软件工程学院',2014,1,'2017-04-13 15:22:30','2017-04-13 15:22:30'),(288,'基于Android条码识别的医务信息系统','焦淑海','无','18','信息与软件工程学院',2014,1,'2017-04-13 15:22:30','2017-04-13 15:22:30'),(289,'利用云技术同步数据的英语学习软件','姚意林','无','18','信息与软件工程学院',2014,1,'2017-04-13 15:22:30','2017-04-13 15:22:30'),(290,'构建基于本体库的软件开发技术交流社区','张家鑫','无','18','信息与软件工程学院',2014,1,'2017-04-13 15:22:30','2017-04-13 15:22:30'),(291,'基于安卓的地震的安全教育模拟体验室','尹晓婧','无','18','信息与软件工程学院',2014,1,'2017-04-13 15:22:30','2017-04-13 15:22:30'),(292,'基于局域表面等离子体激元增强的Si/SiO2\n多量子阱发光器件的研究','刘建一','无','4','物理学院',2014,1,'2017-04-13 15:22:30','2017-04-13 15:22:30'),(293,'快中子对小鼠癌细胞生物效应的深入分析','贾振妍','无','4','物理学院',2014,1,'2017-04-13 15:22:30','2017-04-13 15:22:30'),(294,'想干点光源空间干涉的深入研究','高长贤','无','4','物理学院',2014,1,'2017-04-13 15:22:30','2017-04-13 15:22:30'),(295,'金壳层材料制备及光热转化效应研究','陈楠楠','无','4','物理学院',2014,1,'2017-04-13 15:22:30','2017-04-13 15:22:30'),(296,'中子管钪-钛合金靶胶的性能研究','崔思雨','无','4','物理学院',2014,1,'2017-04-13 15:22:30','2017-04-13 15:22:30'),(297,'保障隧道中电子电气设备正常工作的温湿度控制系统','许  森','无','4','物理学院',2014,1,'2017-04-13 15:22:30','2017-04-13 15:22:30'),(298,'Cu2ZnSnS4薄胶太阳能电池的制备及其性能研究 ','战笑然','无','4','物理学院',2014,1,'2017-04-13 15:22:30','2017-04-13 15:22:30'),(299,'纳米结构聚苯胺的设计生长与性能研究','黄  磊','无','5','化学学院',2014,1,'2017-04-13 15:22:30','2017-04-13 15:22:30'),(300,'多尺度理论模拟室内毒性气体在COF中的吸附','庞羽佳','无','5','化学学院',2014,1,'2017-04-13 15:22:30','2017-04-13 15:22:30'),(301,'端炔的芳基迁移氨氧化反应','张思文','无','5','化学学院',2014,1,'2017-04-13 15:22:30','2017-04-13 15:22:30'),(302,'吡咯新合成方法研究','邱  佳','无','5','化学学院',2014,1,'2017-04-13 15:22:30','2017-04-13 15:22:30'),(303,'硅酸盐中空纳米纤维的制备及其对重金属离子吸附性能的研究','杨  阳','无','5','化学学院',2014,1,'2017-04-13 15:22:30','2017-04-13 15:22:30'),(304,'碳纳米复合纤维作为锂电池负极片的制备及其导电性质研究','马  丽','无','5','化学学院',2014,1,'2017-04-13 15:22:30','2017-04-13 15:22:30'),(305,'过渡金属簇功能化的多钨酸盐的设计、合成及光催化性能的研究','陈奕臻','无','5','化学学院',2014,1,'2017-04-13 15:22:30','2017-04-13 15:22:30'),(306,'水稻多倍体在盐、冷胁迫环境下产生的生理应答及其分子机制','曹  帅','无','6','生命科学学院',2014,1,'2017-04-13 15:22:30','2017-04-13 15:22:30'),(307,'长白山森林土壤中纤维素讲解维生素的筛选及多样性研究','赵书博','无','6','生命科学学院',2014,1,'2017-04-13 15:22:30','2017-04-13 15:22:30'),(308,'土壤有机质pH值和主要元素对东北地区\n芦苇植硅体形成的影响研究','李思琪','无','7','地理科学学院',2014,1,'2017-04-13 15:22:30','2017-04-13 15:22:30'),(309,'基于流域尺度的莫莫格保护区湿地变化的驱动机制研究','李向前','无','7','地理科学学院',2014,1,'2017-04-13 15:22:30','2017-04-13 15:22:30'),(310,'长白山地泥炭沼泽记录的铅沉降及其环境意义','杨倩楠','无','7','地理科学学院',2014,1,'2017-04-13 15:22:30','2017-04-13 15:22:30'),(311,'白腹管鼻蝠食物交流声波的特征和功能研究','徐  非','无','8','环境学院',2014,1,'2017-04-13 15:22:30','2017-04-13 15:22:30'),(312,'邻氯苯酚光催化降解过程中影响因素的研究','张  婷','无','8','环境学院',2014,1,'2017-04-13 15:22:30','2017-04-13 15:22:30'),(313,'吉林省普通高校冬季课余体育活动开展现状及对策研究','马文卿','无','20','体育学院',2014,1,'2017-04-13 15:22:30','2017-04-13 15:22:30'),(314,'吉林省高校体育专业早操模式调查及政策改革','毕  森','无','20','体育学院',2014,1,'2017-04-13 15:22:30','2017-04-13 15:22:30'),(315,'大学生微博营销接触和使用情况调查——以东北师范大学学生为例','李一聪','无','19','传媒科学学院',2014,1,'2017-04-13 15:22:30','2017-04-13 15:22:30'),(316,'当下大学生影视鉴赏能力现状的调查研究——以长春地区大学生为例','马鹏陈','无','19','传媒科学学院',2014,1,'2017-04-13 15:22:30','2017-04-13 15:22:30'),(317,'验证码广告植入的商业应用价值研究','王丹琳','无','19','传媒科学学院',2014,1,'2017-04-13 15:22:30','2017-04-13 15:22:30'),(318,'“长尾理论”分析视频网站发展——以影视局网站LETV为例','曲  锐','无','19','传媒科学学院',2014,1,'2017-04-13 15:22:30','2017-04-13 15:22:30'),(319,'热管发电系统','张  燕','无','4','物理学院',2014,1,'2017-04-13 15:22:30','2017-04-13 15:22:30'),(320,'婴幼儿专业教育馆、网站','曹  月','无','1','教育学部',2014,1,'2017-04-13 15:22:30','2017-04-13 15:22:30'),(321,'The Artist服装批量定制及品牌服装原创设计','崔  博','无','14','美术学院',2014,1,'2017-04-13 15:22:30','2017-04-13 15:22:30'),(322,'赛罕文化传播教育就团有限公司','赵金波','无','19','传媒科学学院',2014,1,'2017-04-13 15:22:30','2017-04-13 15:22:30'),(323,'管理软件狙击手','苏  楠','无','16','数学与统计学院',2014,1,'2017-04-13 15:22:30','2017-04-13 15:22:30'),(324,'基于国外代购下的电子商务平台搭建','姚新月','无','9','经济学院',2014,1,'2017-04-13 15:22:30','2017-04-13 15:22:30'),(325,'长春高校联合外联中心','任  帅','无','1','教育学院',2014,1,'2017-04-13 15:22:30','2017-04-13 15:22:30'),(326,'手绘文化衫店','吕  欣','无','16','数学与统计学院',2014,1,'2017-04-13 15:22:30','2017-04-13 15:22:30'),(327,'多功能压力传感控制枕','唐宁炜','无','4','物理学院',2014,1,'2017-04-13 15:22:30','2017-04-13 15:22:30'),(328,'“新推客”传媒信息咨询服务公司','刘子铭','无','19','传媒科学学院',2014,1,'2017-04-13 15:22:30','2017-04-13 15:22:30'),(329,'长春市知学文化传媒有限公司','邵子健','无','19','传媒科学学院',2014,1,'2017-04-13 15:22:30','2017-04-13 15:22:30'),(339,'变化觉察中的领域特异效应','何  茵','无','1','教育学部',2015,1,'2017-04-13 15:30:52','2017-04-13 15:30:52'),(340,'形声字加工中形旁对整字识别的作用：ERP研究','邹  韵','无','1','教育学部',2015,1,'2017-04-13 15:30:52','2017-04-13 15:30:52'),(341,'基于幸福人生需求的大学生性别教育调查研究——以某大学为例','聂  宁','无','1','教育学部',2015,1,'2017-04-13 15:30:52','2017-04-13 15:30:52'),(342,'东北地区模拟联合国活动现状及问题研究','张  婷','无','2','政法学院',2015,1,'2017-04-13 15:30:52','2017-04-13 15:30:52'),(343,'大学生参与社区志愿服务的多方合作机制研究——以长春市大学生为样本','祝文文','无','2','政法学院',2015,1,'2017-04-13 15:30:52','2017-04-13 15:30:52'),(344,'弃婴安全岛：资金运作现状及对策分析\n——以哈尔滨、天津为例','金奕文','无','2','政法学院',2015,1,'2017-04-13 15:30:52','2017-04-13 15:30:52'),(345,'对新型农村合作医疗保险制度实施效果的研究——以浙江省开化县为例','张逸冰','无','9','经济学院',2015,1,'2017-04-13 15:30:52','2017-04-13 15:30:52'),(346,'大众参与股权众筹影响因素调查研究——基于“大家投”平台的分析','岳盈盈','无','9','经济学院',2015,1,'2017-04-13 15:30:52','2017-04-13 15:30:52'),(347,'重庆市城郊农业用地使用权流转模式研究','王  尧','无','9','经济学院',2015,1,'2017-04-13 15:30:52','2017-04-13 15:30:52'),(348,'吉林省农村对P2P网贷公司小额贷款业务的需求研究','张永烁','无','3','商学院',2015,1,'2017-04-13 15:30:52','2017-04-13 15:30:52'),(349,'城镇失独老人精神养老现状及对策研究——以长春市为例','徐焕娣','无','3','商学院',2015,1,'2017-04-13 15:30:52','2017-04-13 15:30:52'),(350,'“互联网+”模式与大学生创业——基于长春市的调查','郭金纯','无','3','商学院',2015,1,'2017-04-13 15:30:52','2017-04-13 15:30:52'),(351,'杜甫诗歌中的植物意象研究','何文兵','无','10','文学院',2015,1,'2017-04-13 15:30:52','2017-04-13 15:30:52'),(352,'优秀传统文化元素融入初中古诗文教学的调查研究——以长春市部分初中学校为例','王  彤','无','10','文学院',2015,1,'2017-04-13 15:30:52','2017-04-13 15:30:52'),(353,'高校内跨文化人际传播现状调研——以东三省部分高校留学生群体为例','张雅凌','无','10','文学院',2015,1,'2017-04-13 15:30:52','2017-04-13 15:30:52'),(354,'《大学衍义补》明中期社会弊病的审视','李  新','无','11','历史文化学院',2015,1,'2017-04-13 15:30:52','2017-04-13 15:30:52'),(355,'孔子诗情、史意及其在《诗》学脉络中的传承','代  彪','无','11','历史文化学院',2015,1,'2017-04-13 15:30:52','2017-04-13 15:30:52'),(356,'觉醒与崛起——近代沈阳纪念性建筑遗存研究及利用方式初探','初楠楠','无','11','历史文化学院',2015,1,'2017-04-13 15:30:52','2017-04-13 15:30:52'),(357,'以语篇为导向的批评性话语分析视角下中国英文新闻媒体与英语国家英文新闻媒体关于灾难报道的对比研究——以China Daily和BBC为例','王  丹','无','12','外国语学院',2015,1,'2017-04-13 15:30:52','2017-04-13 15:30:52'),(358,'功能语言学视阈下英语专业大学生对话中语码转换功能分析','刘天琦','无','12','外国语学院',2015,1,'2017-04-13 15:30:52','2017-04-13 15:30:52'),(359,'基于需求分析的商务英语课程设置研究','洪傲然','无','12','外国语学院',2015,1,'2017-04-13 15:30:52','2017-04-13 15:30:52'),(360,'音乐智能分析在钢琴识谱中的应用','姜  颖','无','13','音乐学院',2015,1,'2017-04-13 15:30:52','2017-04-13 15:30:52'),(361,'校园设计行业发展的研究与创新——以墨竹设计工作室为例','冯世聪','无','14','美术学院',2015,1,'2017-04-13 15:30:52','2017-04-13 15:30:52'),(362,'口腔医疗机构的环境艺术设计研究','尚铭洋','无','14','美术学院',2015,1,'2017-04-13 15:30:52','2017-04-13 15:30:52'),(363,'吉林省社会工作机构的发展困境及对策研究','周惠容','无','15','马克思主义学部',2015,1,'2017-04-13 15:30:52','2017-04-13 15:30:52'),(364,'高校红色社团精品活动的实效性研究——以长春市4所高校红色社团为例','李  乐','无','15','马克思主义学部',2015,1,'2017-04-13 15:30:52','2017-04-13 15:30:52'),(365,'新型农村合作社的内部治理结构及其优化策略研究','马瑜寅','无','15','马克思主义学部',2015,1,'2017-04-13 15:30:52','2017-04-13 15:30:52'),(366,'分数阶微分方程动力学行为研究','李金玉','无','16','数学与统计学院',2015,1,'2017-04-13 15:30:52','2017-04-13 15:30:52'),(367,'ω-李代数的自同构和导子代数','张子平','无','16','数学与统计学院',2015,1,'2017-04-13 15:30:52','2017-04-13 15:30:52'),(368,'利用基数对等构造填满空间的曲线','薛  燕','无','16','数学与统计学院',2015,1,'2017-04-13 15:30:52','2017-04-13 15:30:52'),(369,'哈密尔顿特征值问题结构化分量型扰动的分析','赵  健','无','16','数学与统计学院',2015,1,'2017-04-13 15:30:52','2017-04-13 15:30:52'),(370,'基于Android的学校图书馆推荐系统','徐  坤','无','17','计算机科学与信息技术学院',2015,1,'2017-04-13 15:30:52','2017-04-13 15:30:52'),(371,'Android应用程序静默安装行为动态拦截的设计与实现','王露芝','无','17','计算机科学与信息技术学院',2015,1,'2017-04-13 15:30:52','2017-04-13 15:30:52'),(372,'高校移动图书馆用户满意度研究','宁子晨','无','17','计算机科学与信息技术学院',2015,1,'2017-04-13 15:30:52','2017-04-13 15:30:52'),(373,'基于安卓系统的在线教育APP 的设计及开发','田雅慧','无','17','计算机科学与信息技术学院',2015,1,'2017-04-13 15:30:52','2017-04-13 15:30:52'),(374,'基于体感交互的安全教育系统','韩锦荣','无','18','信息与软件工程学院',2015,1,'2017-04-13 15:30:52','2017-04-13 15:30:52'),(375,'基于Bluetooth的大型商场服务系统','周  健','无','18','信息与软件工程学院',2015,1,'2017-04-13 15:30:52','2017-04-13 15:30:52'),(376,'基于Android的出勤率监督系统','游欣达','无','18','信息与软件工程学院',2015,1,'2017-04-13 15:30:52','2017-04-13 15:30:52'),(377,'基于NFC的校园一卡通','汪潜鳞','无','18','信息与软件工程学院',2015,1,'2017-04-13 15:30:52','2017-04-13 15:30:52'),(378,'基于物联网的大气检测及报警装置','徐圣杰','无','4','物理学院',2015,1,'2017-04-13 15:30:52','2017-04-13 15:30:52'),(379,'微型音乐喷泉','李建康','无','4','物理学院',2015,1,'2017-04-13 15:30:52','2017-04-13 15:30:52'),(380,'沼气池冬季持续产气解决方案——太阳能+热管辅热系统','龚佳敏','无','4','物理学院',2015,1,'2017-04-13 15:30:52','2017-04-13 15:30:52'),(381,'基于氧化石墨烯的阻变存储器制备和性能研究','周子琳','无','4','物理学院',2015,1,'2017-04-13 15:30:52','2017-04-13 15:30:52'),(382,'基于点击化学的电化学生物传感器的构建及性能评价','梁羽佳','无','5','化学学院',2015,1,'2017-04-13 15:30:52','2017-04-13 15:30:52'),(383,'第二、三类易制毒化学品的电化学预检技术研究','赵曼竹','无','5','化学学院',2015,1,'2017-04-13 15:30:52','2017-04-13 15:30:52'),(384,'上转换纳米材料的制备及在潜指纹显现中的应用','张筱琳','无','5','化学学院',2015,1,'2017-04-13 15:30:52','2017-04-13 15:30:52'),(385,'新型金纳米星-介孔二氧化硅双面神纳米粒子的合成及其性能研究','符丹丹','无','5','化学学院',2015,1,'2017-04-13 15:30:52','2017-04-13 15:30:52'),(386,'多倍体小麦进化过程中氮代谢相关酶活性变化','杨  兰','无','6','生命科学学院',2015,1,'2017-04-13 15:30:52','2017-04-13 15:30:52'),(387,'蛋白质PAR化通过mRNA结合蛋白HuB调节促炎基因表达的机制研究','王雪婷','无','6','生命科学学院',2015,1,'2017-04-13 15:30:52','2017-04-13 15:30:52'),(388,'杂交种和异源多倍体水稻中Rubisco蛋白酶基因转录和蛋白表达水平的核质协同进化','申  坤','无','6','生命科学学院',2015,1,'2017-04-13 15:30:52','2017-04-13 15:30:52'),(389,'榆紫叶甲嗅觉感受蛋白的表达纯化研究','雒雯琦','无','6','生命科学学院',2015,1,'2017-04-13 15:30:52','2017-04-13 15:30:52'),(390,'基于植硅体分析的昂昂溪文化期古人类生存环境的复原与重建—— 以洪河遗址为例','刘  旭','无','36','地理学院',2015,1,'2017-04-13 15:30:52','2017-04-13 15:30:52'),(391,'长白山西麓泥炭沼泽地表湿度变化及其主控因素','邵佳怡','无','36','地理学院',2015,1,'2017-04-13 15:30:52','2017-04-13 15:30:52'),(392,'吉林省黑土区小流域地表径流氮磷流失特征研究','孔嘉鑫','无','36','地理学院',2015,1,'2017-04-13 15:30:52','2017-04-13 15:30:52'),(393,'吉林省典型地区土壤肥力与其偏振高光谱关系研究','王凌志','无','36','地理学院',2015,1,'2017-04-13 15:30:52','2017-04-13 15:30:52'),(394,'水网藻对富营养化水体中优势藻的抑制作用及其利用','宇  航','无','8','环境学院',2015,1,'2017-04-13 15:30:52','2017-04-13 15:30:52'),(395,'磁性载体处理酸性镀铜废水的长效运行可行性探究','马玉佩','无','8','环境学院',2015,1,'2017-04-13 15:30:52','2017-04-13 15:30:52'),(396,'再生水地下储存过程中微生物在饱和多孔介质中的迁移机制——以枯草芽孢杆菌孢子为例','王圣囡','无','8','环境学院',2015,1,'2017-04-13 15:30:52','2017-04-13 15:30:52'),(397,'邻苯二甲酸酯光电催化降解研究','王若驹','无','8','环境学院',2015,1,'2017-04-13 15:30:52','2017-04-13 15:30:52'),(398,'《伪满体育考略》','王立文','无','20','体育学院',2015,1,'2017-04-13 15:30:52','2017-04-13 15:30:52'),(399,'体育院系特色俱乐部项目实施与成效的考量——以东北师范大学体育学院为例','王  松','无','20','体育学院',2015,1,'2017-04-13 15:30:52','2017-04-13 15:30:52'),(400,'长春市中小学校园足球联赛开展现状及对策研究','吴明昌','无','20','体育学院',2015,1,'2017-04-13 15:30:52','2017-04-13 15:30:52'),(401,'跳蚤市场微信平台的研制与开发研究','李  典','无','19','传媒科学学院',2015,1,'2017-04-13 15:30:52','2017-04-13 15:30:52'),(402,'当代大学生视听文化素养的培养战略研究——以东北地区大学生为例','宋  蕊','无','19','传媒科学学院',2015,1,'2017-04-13 15:30:52','2017-04-13 15:30:52'),(403,'电影中主题曲的运用研究——以日本电影为例','张皖雄','无','19','传媒科学学院',2015,1,'2017-04-13 15:30:52','2017-04-13 15:30:52'),(404,'Huge Gossip传媒有限公司','宋  一','无','19','传媒科学学院',2015,1,'2017-04-13 15:30:52','2017-04-13 15:30:52'),(405,'小白鸽家园通APP家校平台','杨顺涛','无','16','数学与统计学院',2015,1,'2017-04-13 15:30:52','2017-04-13 15:30:52'),(406,'东师交易服务平台','王  卓','无','12','外国语学院',2015,1,'2017-04-13 15:30:52','2017-04-13 15:30:52'),(407,'醉赤壁明信片工作室','徐  昕','无','3','商学院',2015,1,'2017-04-13 15:30:52','2017-04-13 15:30:52'),(408,'奶牛食堂送餐','于天野','无','4','物理学院',2015,1,'2017-04-13 15:30:52','2017-04-13 15:30:52'),(409,'长春市迈极客文化传播有限公司','邹  旭','无','19','传媒科学学院',2015,1,'2017-04-13 15:30:52','2017-04-13 15:30:52'),(410,'以基因检测为基础的孤独症康复教育策略研究','宋    伟','巨兴达','1','教育学部',2016,1,'2017-04-13 15:33:42','2017-04-13 15:33:42'),(411,'奖赏对阈下知觉的影响','孟祥云','张秀玲','1','教育学部',2016,1,'2017-04-13 15:33:42','2017-04-13 15:33:42'),(412,'区域义务教育质量监测的困境与出路——以X市为例','郭艳斌','梁红梅','1','教育学部',2016,1,'2017-04-13 15:33:42','2017-04-13 15:33:42'),(413,'农村“天价”彩礼现象的调查与分析——以北方四个省份为例','牛聪敏','张桂英','2','政法学院',2016,1,'2017-04-13 15:33:42','2017-04-13 15:33:42'),(414,'乡村教师流失原因及对策分析——基于武陵山片区四校质化研究','张    晶','孙堂厚','2','政法学院',2016,1,'2017-04-13 15:33:42','2017-04-13 15:33:42'),(415,'农村留守老人生活照料的多方协同服务机制研究——以长春农安县为例','杨梦云','刘桂芝','2','政法学院',2016,1,'2017-04-13 15:33:42','2017-04-13 15:33:42'),(416,'大学生mooc学习发生程度调查——以长春市高校为例','崔    雪','王以宁','2','政法学院',2016,1,'2017-04-13 15:33:42','2017-04-13 15:33:42'),(417,'新型农村养老保险政策实施效果评价及其问题研究——以河南省4个县（区）为例','王    芳','王相敏','9','经济学院',2016,1,'2017-04-13 15:33:42','2017-04-13 15:33:42'),(418,'东北二次振兴视域下吉林省高校大学生就业流向影响因素及针对性策略研究','安紫瑶','刘力臻','9','经济学院',2016,1,'2017-04-13 15:33:42','2017-04-13 15:33:42'),(419,'旅游精准扶贫的现状及问题研究    ','董艺婷','张秀英','9','经济学院',2016,1,'2017-04-13 15:33:42','2017-04-13 15:33:42'),(420,'大学生返乡创业帮扶平台运营模式研究——基于长春市妇联“三融”平台的分析','陈诗琪','李雨停','9','经济学院',2016,1,'2017-04-13 15:33:42','2017-04-13 15:33:42'),(421,'长春市城镇低龄老人再就业问题研究','孙晓婷','田  巍','3','商学院',2016,1,'2017-04-13 15:33:42','2017-04-13 15:33:42'),(422,'农民职业化现状及其对策研究——基于长春市不同农场的比较分析','沈    约','王晓丹','3','商学院',2016,1,'2017-04-13 15:33:42','2017-04-13 15:33:42'),(423,'基于风险管理视角的校园网络贷款规范化管理研究——以长春市为例','费    帆','赵建立\n王晓丹','3','商学院',2016,1,'2017-04-13 15:33:42','2017-04-13 15:33:42'),(424,'老龄化背景下高龄民工就近就业问题研究——基于长春市的调查','王慧敏','高万东     王晓丹','3','商学院',2016,1,'2017-04-13 15:33:42','2017-04-13 15:33:42'),(425,'《全唐诗》中反映我国东北地域的诗歌之辑录与研究','马宜军','张洪兴','10','文学院',2016,1,'2017-04-13 15:33:42','2017-04-13 15:33:42'),(426,'文学史家的品格——孙中田教授学术研究述评','罗    飞','吴景明','10','文学院',2016,1,'2017-04-13 15:33:42','2017-04-13 15:33:42'),(427,'两岸高中语（国）文文言文教材对比研究——以人教版和翰林版为例','刘    营','黄季鸿     鞠焕文','10','文学院',2016,1,'2017-04-13 15:33:42','2017-04-13 15:33:42'),(428,'东亚视域下琉球王国历史资料整理与研究——以《琉球王国汉文文献集成》史部（第七卷——第十五卷）为中心  ','赵    阳','董灏智     王  屾','11','历史文化学院',2016,1,'2017-04-13 15:33:42','2017-04-13 15:33:42'),(429,'成达师范与回教新文化运动关系探究','撒海涛','曲晓范','11','历史文化学院',2016,1,'2017-04-13 15:33:42','2017-04-13 15:33:42'),(430,'关于建立专业化老年旅行社的可行性研究——以长春市为例','洪巴根那','韩宾娜','11','历史文化学院',2016,1,'2017-04-13 15:33:42','2017-04-13 15:33:42'),(431,'师范类本科生新媒体素养的提升策略研究——以东北地区为例','姜英娜','鲍  枫','12','外国语学院',2016,1,'2017-04-13 15:33:42','2017-04-13 15:33:42'),(432,'文化符号变迁视角下关于知识青年人文精神的讨论——以七十年代美国与当代中国为例','王鸿泰','宋世彤','12','外国语学院',2016,1,'2017-04-13 15:33:42','2017-04-13 15:33:42'),(433,'校园官方媒体满意度的影响因素研究——以东北师大校报为例','黄晨姿','张崇辉','12','外国语学院',2016,1,'2017-04-13 15:33:42','2017-04-13 15:33:42'),(434,'音乐治疗在特殊教育中的实践研究（以自闭症为例）','刘    璐','孙雷雷','13','音乐学院',2016,1,'2017-04-13 15:33:42','2017-04-13 15:33:42'),(435,'古典吉他民族化的现状及其发展趋势','吴    丹','刘天星','13','音乐学院',2016,1,'2017-04-13 15:33:42','2017-04-13 15:33:42'),(436,'普通高校公共艺术教育现状及对策研究——以吉林省部分高校为例','柏    慧','马  丹','14','美术学院',2016,1,'2017-04-13 15:33:42','2017-04-13 15:33:42'),(437,'网络约车对出租车行业的影响及对策研究——以长春市为例','杨天英阔','甄  艳','14','美术学院',2016,1,'2017-04-13 15:33:42','2017-04-13 15:33:42'),(438,'集体记忆与民族认同——基于摆手舞记忆的研究 ','张传运','王  晶','15','马克思主义学部',2016,1,'2017-04-13 15:33:42','2017-04-13 15:33:42'),(439,'村干部的成长机制及其优化策略研究——基于梨树县三乡十村的实证分析','刘    艳','朱兴涛','15','马克思主义学部',2016,1,'2017-04-13 15:33:42','2017-04-13 15:33:42'),(440,'当前吉林省农村婚俗中的价值观研究——以吉林省九台城子街为例','刘晓晓','史  巍','15','马克思主义学部',2016,1,'2017-04-13 15:33:42','2017-04-13 15:33:42'),(441,'Hadamard Well-Posedness of Affine-Periodic Solutions for Fractional-Order Dynamical Systems','徐    飞','高忆先','16','数学与统计学院',2016,1,'2017-04-13 15:33:42','2017-04-13 15:33:42'),(442,'多项式亚正规算子对的传递性及分离性问题','庞世豪','段永江','16','数学与统计学院',2016,1,'2017-04-13 15:33:42','2017-04-13 15:33:42'),(443,'李超三系上带有权的广义导子','刘    宁','张庆成','16','数学与统计学院',2016,1,'2017-04-13 15:33:42','2017-04-13 15:33:42'),(444,'大学生课堂使用手机行为调查及调控的APP设计与开发','李秀婷','赵  蔚','17','计算机科学与\n信息技术学院',2016,1,'2017-04-13 15:33:42','2017-04-13 15:33:42'),(445,'基于混合学习模式的ACM初级网络课程的设计与开发','郑思楠','陈晓慧','17','计算机科学与\n信息技术学院',2016,1,'2017-04-13 15:33:42','2017-04-13 15:33:42'),(446,'Android系统的手机隐私保护软件的设计与实现','马旺旺','朱铁英','17','计算机科学与\n信息技术学院',2016,1,'2017-04-13 15:33:42','2017-04-13 15:33:42'),(447,'基于java3d虚拟化学实验反应过程——以钠溶于水反映现象为例','徐心语','蒲东兵','17','计算机科学与\n信息技术学院',2016,1,'2017-04-13 15:33:42','2017-04-13 15:33:42'),(448,'基于云平台的校园Exchange','高    青','潘  伟','18','信息与软件\n工程学院',2016,1,'2017-04-13 15:33:42','2017-04-13 15:33:42'),(449,'Thinker Bar','党春睿','潘  伟','18','信息与软件\n工程学院',2016,1,'2017-04-13 15:33:42','2017-04-13 15:33:42'),(450,'Usmell','胡传文','潘  伟','18','信息与软件\n工程学院',2016,1,'2017-04-13 15:33:42','2017-04-13 15:33:42'),(451,'WeSend','陈依婷','潘  伟','18','信息与软件\n工程学院',2016,1,'2017-04-13 15:33:42','2017-04-13 15:33:42'),(452,'高性能光致变色复合膜的构筑及其偏振复用的近紫外线全息存储','李    琳','付申成','4','物理学院',2016,1,'2017-04-13 15:33:42','2017-04-13 15:33:42'),(453,'教学综合服务app设计与开发','郝家瑞 ','王连明','4','物理学院',2016,1,'2017-04-13 15:33:42','2017-04-13 15:33:42'),(454,'碱土金属离子掺杂的NaYF4:Yb, Er@NaYF4核壳纳米结构的构筑及其光学性能研究','于雪晴','洪  霞','4','物理学院',2016,1,'2017-04-13 15:33:42','2017-04-13 15:33:42'),(455,'以果胶纳米纤维为有机框架的仿生骨组织工程支架的制备和性质研究','吴静雯','胡俊丽','4','物理学院',2016,1,'2017-04-13 15:33:42','2017-04-13 15:33:42'),(456,'生物质基多孔碳材料的制备及其电化学性能研究','刘    娟','周  明','5','化学学院',2016,1,'2017-04-13 15:33:42','2017-04-13 15:33:42'),(457,'皮肤接触式葡萄糖传感器研究','唐    悦','齐  斌','5','化学学院',2016,1,'2017-04-13 15:33:42','2017-04-13 15:33:42'),(458,'基于可高效限制多硫化物溶解的硒化物设计高性能锂硫电池','于    卓','张景萍','5','化学学院',2016,1,'2017-04-13 15:33:42','2017-04-13 15:33:42'),(459,'克伦特罗的电化学物联网传感器敏感材料研究','崔    淼','齐  斌','5','化学学院',2016,1,'2017-04-13 15:33:42','2017-04-13 15:33:42'),(460,'小麦进化过程中干旱抗性变异','李少强','杨春武','6','生命科学学院',2016,1,'2017-04-13 15:33:42','2017-04-13 15:33:42'),(461,'长链非编码 RNAGM2788在糖尿病肝脏葡萄糖代谢中的作用机制研究','任佳豪','陈  政','6','生命科学学院',2016,1,'2017-04-13 15:33:42','2017-04-13 15:33:42'),(462,'组蛋白去甲基化酶JMJ17在旱胁迫响应过程中的作用以及相关分子机制研究','杨玉竹','徐正一','6','生命科学学院',2016,1,'2017-04-13 15:33:42','2017-04-13 15:33:42'),(463,'羊草草地氧化亚氮和甲烷排放对模拟二氧化碳升高和氮沉降的响应','周东浩','穆春生','6','生命科学学院',2016,1,'2017-04-13 15:33:42','2017-04-13 15:33:42'),(464,'基于夜光遥感数据的1995-2016年辽中南城市群城市化进程研究','钱行健','瞿  瑛','7','地理科学学院',2016,1,'2017-04-13 15:33:42','2017-04-13 15:33:42'),(465,'泥炭地植物残体分解纬度地带性的生物地理学机制','刘媛媛','卜兆君','7','地理科学学院',2016,1,'2017-04-13 15:33:42','2017-04-13 15:33:42'),(466,'长白山典型泥炭沼泽多指标记录的气候变化','王江静','赵红艳','7','地理科学学院',2016,1,'2017-04-13 15:33:42','2017-04-13 15:33:42'),(467,'基于长时间序列遥感数据大尺度水稻估产研究——以东北地区为例','王美予','张洪岩          赵建军  ','7','地理科学学院',2016,1,'2017-04-13 15:33:42','2017-04-13 15:33:42'),(468,'再生水混凝残余物对其地下储存过程生物膜堵塞机制的影响探究','李安冉','周丹丹     范  伟','8','环境学院',2016,1,'2017-04-13 15:33:42','2017-04-13 15:33:42'),(469,'马铁菊头蝠激进声波的句法结构与功能','秦    朗','冯  江              刘  颖','8','环境学院',2016,1,'2017-04-13 15:33:42','2017-04-13 15:33:42'),(470,'人工湿地复合系统去除农药乙草胺的实验研究','牛少丹','边红枫','8','环境学院',2016,1,'2017-04-13 15:33:42','2017-04-13 15:33:42'),(471,'基于微纳米气泡的二级出水深度处理技术研究','刘秋菊','霍明昕          范  伟','8','环境学院',2016,1,'2017-04-13 15:33:42','2017-04-13 15:33:42'),(472,'“囚徒健身”的运动人体科学分析','程致远','张晓义','20','体育学院',2016,1,'2017-04-13 15:33:42','2017-04-13 15:33:42'),(473,'虚拟现实技术（VR）应用的研究—以纪录片创作方面为例','王    璐','郑  军','19','传媒科学学院',2016,1,'2017-04-13 15:33:42','2017-04-13 15:33:42'),(474,'基于新媒体的大学校园媒体转型研究','白译辰','张  海','19','传媒科学学院',2016,1,'2017-04-13 15:33:42','2017-04-13 15:33:42'),(475,'新媒介应用对长春市老年群体生活质量影响的调查研究','张国庆','黄松爱','19','传媒科学学院',2016,1,'2017-04-13 15:33:42','2017-04-13 15:33:42'),(476,'“E菜篮子”涉农可追溯电商平台','王鹏飞','王以宁     周志兴','19','传媒科学学院',2016,1,'2017-04-13 15:33:42','2017-04-13 15:33:42'),(477,'长春市小小爱迪生教育科技有限公司','马英才','郑蕾芸     郑红权','9','经济学院',2016,1,'2017-04-13 15:33:42','2017-04-13 15:33:42'),(478,'無二原创设计工作室','肖    杰','田  巍\n王  敏','14','美术学院',2016,1,'2017-04-13 15:33:42','2017-04-13 15:33:42'),(479,'东师家教服务','王    迪','郝立柱','16','数学与统计学院',2016,1,'2017-04-13 15:33:42','2017-04-13 15:33:42'),(480,'东北师范大学校园文化用品和纪念品研制','张孟哲','李秀敏\n卢  路','9','经济学院',2016,1,'2017-04-13 15:33:42','2017-04-13 15:33:42'),(481,'“EEP”公益平台','冯致力','张继全\n赵  轩\n盛家齐','8','环境学院',2016,1,'2017-04-13 15:33:42','2017-04-13 15:33:42'),(482,'东北师范大学家教信息源的整合优化与相关APP的开发和运营','孟振伟','郝立柱','16','数学与统计学院',2016,1,'2017-04-13 15:33:42','2017-04-13 15:33:42'),(483,'基于PM2.5净化的防霾驱霾产品研发与专利转化','肖婷婷','盛连喜','8','环境学院',2016,1,'2017-04-13 15:33:42','2017-04-13 15:33:42'),(484,'CM映像工作室','谭健行','郑  军       董  昕','2','政法学院',2016,1,'2017-04-13 15:33:42','2017-04-13 15:33:42'),(485,'士力体育文化传播公司','李鹏辉','常  益\n关  博','20','体育学院',2016,1,'2017-04-13 15:33:42','2017-04-13 15:33:42'),(486,'“时珍”——源自中国的特种啤酒','富安邦','李志坚     张文忠','6','生命科学学院',2016,1,'2017-04-13 15:33:42','2017-04-13 15:33:42'),(487,'智慧城市下的城市规划模型3D打印技术应用','常    鹏','刘艾鑫\n卢建有','14','美术学院',2016,1,'2017-04-13 15:33:42','2017-04-13 15:33:42'),(488,'小学中年段德育活动对学生道德行为的影响——以东方广场小学为试点','王艳芝','无','1','教育学部',2014,2,'2017-04-13 15:35:03','2017-04-13 15:35:03'),(489,'考评方式对高等师范本科生学习的影响研究-以东北师范大学为例','侯    琳','无','1','教育学部',2014,2,'2017-04-13 15:35:03','2017-04-13 15:35:03'),(490,'农村早婚现象与离婚率关系的实政研究','杨红静','无','2','政法学院',2014,2,'2017-04-13 15:35:03','2017-04-13 15:35:03'),(491,'长春市七彩小屋实施情况与问题研究','林    琳','无','2','政法学院',2014,2,'2017-04-13 15:35:03','2017-04-13 15:35:03'),(492,'河南省西峡县石界河乡农村留守老人问题调研','刘    怡','无','9','经济学院',2014,2,'2017-04-13 15:35:03','2017-04-13 15:35:03'),(493,'有机农业“公司带头型”组织模式研究——以青岛胶州市为例','田桂梅','无','9','经济学院',2014,2,'2017-04-13 15:35:03','2017-04-13 15:35:03'),(494,'我国养老机构专业服务人性化模式——以C市为例','黄    慧','无','3','商学院',2014,2,'2017-04-13 15:35:03','2017-04-13 15:35:03'),(495,'城镇化进程中，农村传统小卖店生存现状与创新路径研究','赵丽霞','无','3','商学院',2014,2,'2017-04-13 15:35:03','2017-04-13 15:35:03'),(496,'关于儿童文学对自闭症儿童沟通能力培养的研究--以长春市育龙特殊儿童语言康复学校为例','李雨航','无','10','文学院',2014,2,'2017-04-13 15:35:03','2017-04-13 15:35:03'),(497,'人教版初中语文教科书古诗文类选文中重点文字演变教辅编纂研究','徐平跃','无','10','文学院',2014,2,'2017-04-13 15:35:03','2017-04-13 15:35:03'),(498,'《盛京时报》与“满洲国”合法性的舆论建构   ——以1932-1937年为中心的考察','陈    鹏','无','11','历史文化学院',2014,2,'2017-04-13 15:35:03','2017-04-13 15:35:03'),(499,'“一五、二五”时期一汽职工工资住房调查报告','李奕欣','无','11','历史文化学院',2014,2,'2017-04-13 15:35:03','2017-04-13 15:35:03'),(500,'德国翻译理论下的雕塑翻译--以长春世界雕塑公园为例','李    羚','无','23','外国语学院（本部）',2014,2,'2017-04-13 15:35:03','2017-04-13 15:35:03'),(501,'母语负迁移对二语写作连词使用的影响','谭    微','无','23','外国语学院（本部）',2014,2,'2017-04-13 15:35:03','2017-04-13 15:35:03'),(502,'基于SERVQUAL模型对高校食堂基本餐和非基本餐服务质量对比','戴    健','无','23','外国语学院（本部）',2014,2,'2017-04-13 15:35:03','2017-04-13 15:35:03'),(503,'网点与实体店的“人格”差异对消费者购买意愿的影响','李    佳','无','23','外国语学院（本部）',2014,2,'2017-04-13 15:35:03','2017-04-13 15:35:03'),(504,'关于地域性美术校本课程资源开发与利用的研究——以白洋淀芦苇艺术画为例','孙金立','无','14','美术学院',2014,2,'2017-04-13 15:35:03','2017-04-13 15:35:03'),(505,'东北师大附中《名作解读——美术创作体验与表现》课程研究','李亚平','无','14','美术学院',2014,2,'2017-04-13 15:35:03','2017-04-13 15:35:03'),(506,'吉林市乡镇企业家族式经营模式主要问题与创新——以红阳饲料公司为例','张    玉','无','15','马克思主义学部',2014,2,'2017-04-13 15:35:03','2017-04-13 15:35:03'),(507,'长春市高中生校外补课现象影响因素分析——以长春三校为例','张泽远','无','15','马克思主义学部',2014,2,'2017-04-13 15:35:03','2017-04-13 15:35:03'),(508,'homNijienhuis operator and T*_extension of Hom Jordan Lie color algebra','冯    晨','无','16','数学与统计学院',2014,2,'2017-04-13 15:35:03','2017-04-13 15:35:03'),(509,'三维球空间上曲线的渐屈线和渐伸线','周    政','无','16','数学与统计学院',2014,2,'2017-04-13 15:35:03','2017-04-13 15:35:03'),(510,'Leibniz三系的结构的研究','康    远','无','17','计算机科学与信息技术学院',2014,2,'2017-04-13 15:35:03','2017-04-13 15:35:03'),(511,'高校分类信息服务平台及微信助手平台','赵一帆','无','17','计算机科学与信息技术学院',2014,2,'2017-04-13 15:35:03','2017-04-13 15:35:03'),(512,'基于Moodle平台的翻转课堂的设计与实践研究—ps学习为例','崔依冉','无','17','计算机科学与信息技术学院',2014,2,'2017-04-13 15:35:03','2017-04-13 15:35:03'),(513,'大数据量化分析城市幸福感','李淼洋','无','17','计算机科学与信息技术学院',2014,2,'2017-04-13 15:35:03','2017-04-13 15:35:03'),(514,'学校浴池管理系统','马嘉男','无','18','信息与软件工程学院',2014,2,'2017-04-13 15:35:03','2017-04-13 15:35:03'),(515,'基于android平台的悦读手机应用','马宇驰','无','18','信息与软件工程学院',2014,2,'2017-04-13 15:35:03','2017-04-13 15:35:03'),(516,'益智游戏 ——按位填补','李璐艳','无','18','信息与软件工程学院',2014,2,'2017-04-13 15:35:03','2017-04-13 15:35:03'),(517,'基于安卓的饮食咨询软件','梁炳坤','无','18','信息与软件工程学院',2014,2,'2017-04-13 15:35:03','2017-04-13 15:35:03'),(518,'飞机去哪儿','蒋国龙','无','18','信息与软件工程学院',2014,2,'2017-04-13 15:35:03','2017-04-13 15:35:03'),(519,'基于node.js的web即时通讯工具','董孝群','无','18','信息与软件工程学院',2014,2,'2017-04-13 15:35:03','2017-04-13 15:35:03'),(520,'东师order在线点餐外卖','蒋    坤','无','18','信息与软件工程学院',2014,2,'2017-04-13 15:35:03','2017-04-13 15:35:03'),(521,'基于unity 3D的消防辅助救助虚拟仿真平台','欧阳猛','无','18','信息与软件工程学院',2014,2,'2017-04-13 15:35:03','2017-04-13 15:35:03'),(522,'吃了么','李    钊','无','18','信息与软件工程学院',2014,2,'2017-04-13 15:35:03','2017-04-13 15:35:03'),(523,'基于石英晶体的光的参数测量机理与应用的研究','郭    雄','无','4','物理学院',2014,2,'2017-04-13 15:35:03','2017-04-13 15:35:03'),(524,'电纺氧化铟/氧化铜纳米纤维异质的可控制备及其气敏特性的研究','张华洋','无','4','物理学院',2014,2,'2017-04-13 15:35:03','2017-04-13 15:35:03'),(525,'三钼取代keggin结构多酸微米管的制备和功能性质研究','韦    祎','无','5','化学学院',2014,2,'2017-04-13 15:35:03','2017-04-13 15:35:03'),(526,'设施人参栽培专用硅藻土复合高吸水树脂研制与应用','李俊松','无','5','化学学院',2014,2,'2017-04-13 15:35:03','2017-04-13 15:35:03'),(527,'松嫩盐碱化草地中蝗虫群落多样性和数量研究','沈    超','无','6','生命科学学院',2014,2,'2017-04-13 15:35:03','2017-04-13 15:35:03'),(528,'酶催化法转化神经节苷脂制备GM1','姜    婷','无','6','生命科学学院',2014,2,'2017-04-13 15:35:03','2017-04-13 15:35:03'),(529,'泥炭地苔藓植物选择性定居的实验证据与机理','李    智','无','7','地理科学学院',2014,2,'2017-04-13 15:35:03','2017-04-13 15:35:03'),(530,'植物叶片偏振光谱与湿润性的关系研究','高晓雨','无','7','地理科学学院',2014,2,'2017-04-13 15:35:03','2017-04-13 15:35:03'),(531,'火山渣的污染物（总磷）去除功能强化方法与效果研究','张延羽','无','8','环境学院',2014,2,'2017-04-13 15:35:03','2017-04-13 15:35:03'),(532,'基于探地雷达技术的反演土壤水分研究','孙    斌','无','8','环境学院',2014,2,'2017-04-13 15:35:03','2017-04-13 15:35:03'),(533,'高校体育专业学生半军事化管理模式探析——东北师范大学体育学院半军事化管理现状调查','路红艳','无','20','体育学院',2014,2,'2017-04-13 15:35:03','2017-04-13 15:35:03'),(534,'东北师范大学体育学院武术发展历程梳理','张双刚','无','20','体育学院',2014,2,'2017-04-13 15:35:03','2017-04-13 15:35:03'),(535,'名称微信在高等学校校园文化建设中的应用研究——以东北师范大学为例','李欣桥','无','19','传媒科学学院',2014,2,'2017-04-13 15:35:03','2017-04-13 15:35:03'),(536,'大学生校园全媒体受众需求分析及预测研究','张琳悦','无','19','传媒科学学院',2014,2,'2017-04-13 15:35:03','2017-04-13 15:35:03'),(537,'基于政府行为的自然风景区可持续经营管理模式研究','高  琦','无','9','经济学院',2015,2,'2017-04-13 15:36:04','2017-04-13 15:36:04'),(538,'大众参与“大家投”平台股权众筹影响因素的调查研究','周  红','无','9','经济学院',2015,2,'2017-04-13 15:36:04','2017-04-13 15:36:04'),(539,'金融专硕毕业生及用人单位对硕士课程设置反馈的调查研究——以长春市为例','贺嘉雯','无','9','经济学院',2015,2,'2017-04-13 15:36:04','2017-04-13 15:36:04'),(540,'全面禁伐后东北林区经济转型研究──以吉林省泉阳林区为例','李  萌','无','9','经济学院',2015,2,'2017-04-13 15:36:04','2017-04-13 15:36:04'),(541,'从需求角度分析新型农村合作医疗保险制度的实施效果——以吉林省扶余县为例','袁欣宇','无','9','经济学院',2015,2,'2017-04-13 15:36:04','2017-04-13 15:36:04'),(542,'鲁迅文学奖城乡题材短篇小说的思想价值初探——从叙事情节、隐含作者、叙述视角入手','许  哲','无','10','文学院',2015,2,'2017-04-13 15:36:04','2017-04-13 15:36:04'),(543,'古文字字形在小学汉字教学中的应用研究','刘雨奇','无','10','文学院',2015,2,'2017-04-13 15:36:04','2017-04-13 15:36:04'),(544,'高中语文读本中我国戏剧作品发展概况研究','陈智华','无','10','文学院',2015,2,'2017-04-13 15:36:04','2017-04-13 15:36:04'),(545,'媒介融合背景下吉林省高校新闻学专业学生素质培养现状及对策研究','王鹤静','无','10','文学院',2015,2,'2017-04-13 15:36:04','2017-04-13 15:36:04'),(546,'中国现代派小说文本与其电影改编的比较研究','武文斌','无','10','文学院',2015,2,'2017-04-13 15:36:04','2017-04-13 15:36:04'),(547,'民初舆论中对外国女性形象的不同解读——以1915-1920年的《妇女杂志》为例','王雅静','无','11','历史文化学院',2015,2,'2017-04-13 15:36:04','2017-04-13 15:36:04'),(548,'“自言”——对秦汉时期“下情上达”基本方式的探究','高  瑾','无','11','历史文化学院',2015,2,'2017-04-13 15:36:04','2017-04-13 15:36:04'),(549,'孔子诗情、史意及其在《诗》学脉络中的传承','黄  月','无','11','历史文化学院',2015,2,'2017-04-13 15:36:04','2017-04-13 15:36:04'),(550,'考察《益世报》报道的老西开事件','赵静贤','无','11','历史文化学院',2015,2,'2017-04-13 15:36:04','2017-04-13 15:36:04'),(551,'永吉缸窑陶业历史沿革及遗存保护研究','单  丽','无','11','历史文化学院',2015,2,'2017-04-13 15:36:04','2017-04-13 15:36:04'),(552,'构式语法视阈下中国大学生英语习语习得研究','张  月','无','12','外国语学院',2015,2,'2017-04-13 15:36:04','2017-04-13 15:36:04'),(553,'高考语法填空新题型下长春市高二学生语法学习方法现状及应对策略研究','支艺博','无','12','外国语学院',2015,2,'2017-04-13 15:36:04','2017-04-13 15:36:04'),(554,'赖斯操作性文本视角下景点公示语翻译调查研究--以净月潭、世界雕塑公园、伪满皇宫博物院景点为例','徐丽娜','无','12','外国语学院',2015,2,'2017-04-13 15:36:04','2017-04-13 15:36:04'),(555,'英语师范生微格课堂课程导入方法研究','李天娇','无','12','外国语学院',2015,2,'2017-04-13 15:36:04','2017-04-13 15:36:04'),(556,'大学英语课堂中生生互动方式对学习效果的影响研究——以东北师范大学英语专业学生为例','周  琦','无','12','外国语学院',2015,2,'2017-04-13 15:36:04','2017-04-13 15:36:04'),(557,'商务英语系学生就业意向及就业实际去向比较研究','辛  欣','无','21','外国语学院（净月）',2015,2,'2017-04-13 15:36:04','2017-04-13 15:36:04'),(558,'基于生活费来源分析的中日大学生自立能力培养问题研究','刘卓玥','无','21','外国语学院（净月）',2015,2,'2017-04-13 15:36:04','2017-04-13 15:36:04'),(559,'基于QDF模型探究将慕课引进大学英语专业教学的有效方法--以东北师范大学英语专业为例','籍红丽','无','21','外国语学院（净月）',2015,2,'2017-04-13 15:36:04','2017-04-13 15:36:04'),(560,'高校俄语外教课堂教学现状研究与发展对策--以东北师范大学为例','亚  婕','无','21','外国语学院（净月）',2015,2,'2017-04-13 15:36:04','2017-04-13 15:36:04'),(561,'商务英语课程设置需求分析的调查研究--以东北师范大学为例','杜鲁琦','无','21','外国语学院（净月）',2015,2,'2017-04-13 15:36:04','2017-04-13 15:36:04'),(562,'高师音乐师范生应具备的音乐表演素质','訾贺童','无','13','音乐学院',2015,2,'2017-04-13 15:36:04','2017-04-13 15:36:04'),(563,'幼儿音乐教育的重要性——以吉林省部分幼儿园为例                   ','王玥萌','无','13','音乐学院',2015,2,'2017-04-13 15:36:04','2017-04-13 15:36:04'),(564,'朝鲜族民俗文化在美术创作中的影响的研究','宋  琪','无','14','美术学院',2015,2,'2017-04-13 15:36:04','2017-04-13 15:36:04'),(565,'民俗文化在敦煌书法中的作用与价值','尚铭洋','无','14','美术学院',2015,2,'2017-04-13 15:36:04','2017-04-13 15:36:04'),(566,'让暴风雨来的更猛烈些--浅谈头脑风暴法在艺术理论课程中的应用','于泽平','无','14','美术学院',2015,2,'2017-04-13 15:36:04','2017-04-13 15:36:04'),(567,'绘画对自闭症儿童的影响','杨  月','无','14','美术学院',2015,2,'2017-04-13 15:36:04','2017-04-13 15:36:04'),(568,'百年中国写意油画语言演变研究','候伊萱','无','14','美术学院',2015,2,'2017-04-13 15:36:04','2017-04-13 15:36:04'),(569,'高校校园文化活动马克思主义理论品格现状与提升研究','李刚勇','无','15','马克思主义学部',2015,2,'2017-04-13 15:36:04','2017-04-13 15:36:04'),(570,'村庄银行的组织社会学研究','杨  科','无','15','马克思主义学部',2015,2,'2017-04-13 15:36:04','2017-04-13 15:36:04'),(571,'当代大学生社会主义核心价值观认同研究','纪英杰','无','15','马克思主义学部',2015,2,'2017-04-13 15:36:04','2017-04-13 15:36:04'),(572,'长春市大学生马克思主义经典著作阅读学习现状调查研究  ','王  丹','无','15','马克思主义学部',2015,2,'2017-04-13 15:36:04','2017-04-13 15:36:04'),(573,'转型时期村民自治组织：现状、问题及对策研究','何金璐','无','15','马克思主义学部',2015,2,'2017-04-13 15:36:04','2017-04-13 15:36:04'),(574,'Lebesgue积分的连续性与半连续性','温昊于','无','16','数学与统计学院',2015,2,'2017-04-13 15:36:04','2017-04-13 15:36:04'),(575,'矩阵李代数的结构与分类','张  健','无','16','数学与统计学院',2015,2,'2017-04-13 15:36:04','2017-04-13 15:36:04'),(576,'正交拉丁超立方设计的构造','杨帅兵','无','16','数学与统计学院',2015,2,'2017-04-13 15:36:04','2017-04-13 15:36:04'),(577,'B-Method And Its Application','徐  飞','无','16','数学与统计学院',2015,2,'2017-04-13 15:36:04','2017-04-13 15:36:04'),(578,'3-ellipse及3-ellipsiod的研究','肖  扬','无','16','数学与统计学院',2015,2,'2017-04-13 15:36:04','2017-04-13 15:36:04'),(579,'跨平台的图书馆推荐服务系统','彭凯宇','无','17','计算机科学与信息技术学院',2015,2,'2017-04-13 15:36:04','2017-04-13 15:36:04'),(580,'网络环境下微格教学技能培养辅助系统研究——以师范生培养为例','文  芳','无','17','计算机科学与信息技术学院',2015,2,'2017-04-13 15:36:04','2017-04-13 15:36:04'),(581,'学科服务知识导航系统','李赛男','无','17','计算机科学与信息技术学院',2015,2,'2017-04-13 15:36:04','2017-04-13 15:36:04'),(582,'基于书目框架的MARC书目数据转换设计','张  伊','无','17','计算机科学与信息技术学院',2015,2,'2017-04-13 15:36:04','2017-04-13 15:36:04'),(583,'自媒体在女大学生安全教育中的应用研究','王  蕾','无','17','计算机科学与信息技术学院',2015,2,'2017-04-13 15:36:04','2017-04-13 15:36:04'),(584,'基于频度的来往提醒APP','王  威','无','18','信息与软件工程学院',2015,2,'2017-04-13 15:36:04','2017-04-13 15:36:04'),(585,'基于web爬虫的在线学习资料平台','司文宇','无','18','信息与软件工程学院',2015,2,'2017-04-13 15:36:04','2017-04-13 15:36:04'),(586,'基于地理位置的新生入学助手','刘诗娴','无','18','信息与软件工程学院',2015,2,'2017-04-13 15:36:04','2017-04-13 15:36:04'),(587,'校园理财本','李海冰','无','18','信息与软件工程学院',2015,2,'2017-04-13 15:36:04','2017-04-13 15:36:04'),(588,'基于监督机制的Time Manager','陈垚宇','无','18','信息与软件工程学院',2015,2,'2017-04-13 15:36:04','2017-04-13 15:36:04'),(589,'吉林省高校冬季项目开展现状与对策研究','王建超','无','20','体育学院',2015,2,'2017-04-13 15:36:04','2017-04-13 15:36:04'),(590,'场景媒体时代下小学生积极媒介素养实验教学研究','李奕璐','无','22','传媒学院',2015,2,'2017-04-13 15:36:04','2017-04-13 15:36:04'),(591,'艺术类大学生微信平台阅读特点的研究—以东北师范大学为例','文艺乔','无','22','传媒学院',2015,2,'2017-04-13 15:36:04','2017-04-13 15:36:04'),(592,'基于数字图书馆的大学生新型阅读模式的创新研究','张旭东','无','22','传媒学院',2015,2,'2017-04-13 15:36:04','2017-04-13 15:36:04'),(593,'长春轻轨移动电视的广告传播效果研究','赵  琦','无','22','传媒学院',2015,2,'2017-04-13 15:36:04','2017-04-13 15:36:04'),(594,'高校学生干部“围城”现象的调查与研究—以东北师范大学学生组织为例','李丹阳','无','22','传媒学院',2015,2,'2017-04-13 15:36:04','2017-04-13 15:36:04'),(595,'自闭症谱系障碍儿童的信任与欺骗行为探究','欧  柔','无','1','教育学部',2015,2,'2017-04-13 15:36:04','2017-04-13 15:36:04'),(596,'实习教师实践困惑及对教师教育课程期待研究——以某师范大学为个案','林思雨','无','1','教育学部',2015,2,'2017-04-13 15:36:04','2017-04-13 15:36:04'),(597,'长春市幼儿园户外游戏实施的现状调查及对策研究','徐钰乔','无','1','教育学部',2015,2,'2017-04-13 15:36:04','2017-04-13 15:36:04'),(598,'幼儿教师专业发展困境及支持策略研究——以长春市幼儿园为例','王梓儒','无','1','教育学部',2015,2,'2017-04-13 15:36:04','2017-04-13 15:36:04'),(599,'幼儿合作行为发展特征及合作能力培养的研究――以3-5岁幼儿角色游戏为例','孟祥云','无','1','教育学部',2015,2,'2017-04-13 15:36:04','2017-04-13 15:36:04'),(600,'商业采伐停止后林业工人生存状况的调查研究——以大小兴安岭为例','孟雪婷','无','2','政法学院',2015,2,'2017-04-13 15:36:04','2017-04-13 15:36:04'),(601,'村干部法治思维培育研究—以吉林省为例','丁一航','无','2','政法学院',2015,2,'2017-04-13 15:36:04','2017-04-13 15:36:04'),(602,'高校由“管理型”向“服务型”转变过程中的学生参与情况研究','韩耀亭','无','2','政法学院',2015,2,'2017-04-13 15:36:04','2017-04-13 15:36:04'),(603,'现阶段我国 农村“空心化”问题 及对策研究--以吉林省部分农村为例','张佳宁','无','2','政法学院',2015,2,'2017-04-13 15:36:04','2017-04-13 15:36:04'),(604,'师范专业大学生法治理念教育：问题与对策','刘鹏坤','无','2','政法学院',2015,2,'2017-04-13 15:36:04','2017-04-13 15:36:04'),(605,'长春市国家支农政策下“家庭农场”的调查及对策研究','陈颖桦','无','3','商学院',2015,2,'2017-04-13 15:36:04','2017-04-13 15:36:04'),(606,'农村空巢老人生存现状及养老需求调查','曹若琳','无','3','商学院',2015,2,'2017-04-13 15:36:04','2017-04-13 15:36:04'),(607,'基于PPP模式下的我国中小民营养老机构经营机制创新研究','吴润方','无','3','商学院',2015,2,'2017-04-13 15:36:04','2017-04-13 15:36:04'),(608,'网络分期付款买卖对大学生吸引力研究——以京东白条和分期乐为例','林芳宇','无','3','商学院',2015,2,'2017-04-13 15:36:04','2017-04-13 15:36:04'),(609,'高校开展中外合作项目对大学生的影响——以长春市高校为例','李燊','无','3','商学院',2015,2,'2017-04-13 15:36:04','2017-04-13 15:36:04'),(610,'物理学科学生自主学习APP制作的可行性研究','曲春霖','无','4','物理学院',2015,2,'2017-04-13 15:36:04','2017-04-13 15:36:04'),(611,'基于声光效应的灯光自动控制技术研究','乔钰淇','无','4','物理学院',2015,2,'2017-04-13 15:36:04','2017-04-13 15:36:04'),(612,'农村留守儿童自主学习能力的现状调查与提升策略研究','张君贤','无','4','物理学院',2015,2,'2017-04-13 15:36:04','2017-04-13 15:36:04'),(613,'基于蓝牙模块与cc1101实现海水中的短距离无线通信','李南华','无','4','物理学院',2015,2,'2017-04-13 15:36:04','2017-04-13 15:36:04'),(614,'可控智能一体化光学教学仪器的研发','金庆辰','无','4','物理学院',2015,2,'2017-04-13 15:36:04','2017-04-13 15:36:04'),(615,'可视化显微目镜高清成像显示系统','汤乘畅','无','4','物理学院',2015,2,'2017-04-13 15:36:04','2017-04-13 15:36:04'),(616,'基于金属铱配合物的新型白光器件的制备与性能研究','丁  蕾','无','5','化学学院',2015,2,'2017-04-13 15:36:04','2017-04-13 15:36:04'),(617,'锡/石墨烯复合负极材料的制备与锂离子电池性能研究','姜丽华','无','5','化学学院',2015,2,'2017-04-13 15:36:04','2017-04-13 15:36:04'),(618,'新型酞菁的制备','梁  欣','无','5','化学学院',2015,2,'2017-04-13 15:36:04','2017-04-13 15:36:04'),(619,'职前化学教师科学思维水平探查','李  琳','无','5','化学学院',2015,2,'2017-04-13 15:36:04','2017-04-13 15:36:04'),(620,'免费师范生教师职业成长历程的研究——以东北师范大学化学学院2012级免费师范生为例','周紫艳','无','5','化学学院',2015,2,'2017-04-13 15:36:04','2017-04-13 15:36:04'),(621,'智能型天然多糖基抗肿瘤键合药的合成','朱  玉','无','5','化学学院',2015,2,'2017-04-13 15:36:04','2017-04-13 15:36:04'),(622,'HuR在神经细胞迁移中的作用研究','吕粟粟','无','6','生命科学学院',2015,2,'2017-04-13 15:36:04','2017-04-13 15:36:04'),(623,'水稻人工杂交种和多倍体协同进化','岳  奇','无','6','生命科学学院',2015,2,'2017-04-13 15:36:04','2017-04-13 15:36:04'),(624,'松嫩盐碱化草地土壤酶活性对氮沉降组分变化的响应','王成亮','无','6','生命科学学院',2015,2,'2017-04-13 15:36:04','2017-04-13 15:36:04'),(625,'果胶与半乳凝集素的构效关系研究','武  玥','无','6','生命科学学院',2015,2,'2017-04-13 15:36:04','2017-04-13 15:36:04'),(626,'PIAS1协同SUMO3调节雄激素受体AR细胞内定位的机制研究','朱  慧','无','6','生命科学学院',2015,2,'2017-04-13 15:36:04','2017-04-13 15:36:04'),(627,'基于cpDNA的兴安杜鹃亲缘地理学研究','张  薇','无','6','生命科学学院',2015,2,'2017-04-13 15:36:04','2017-04-13 15:36:04'),(628,'基于相关利益主体调查的城乡建设用地增减挂钩政策执行障碍及其破解方法——以长春为例','牛彩澄','无','7','地理科学学院',2015,2,'2017-04-13 15:36:04','2017-04-13 15:36:04'),(629,'三因素及其交互作用对吉林省西部盐碱地偏振光谱特征的影响','陈星任','无','7','地理科学学院',2015,2,'2017-04-13 15:36:04','2017-04-13 15:36:04'),(630,'基于新浪微博数据挖掘的热点事件关注度时空变化研究及可信度评价','马  超','无','7','地理科学学院',2015,2,'2017-04-13 15:36:04','2017-04-13 15:36:04'),(631,'基于乡土地理课程资源开发的中学生地方感培养的影响因素与建构策略——以齐齐哈尔地区为例','肖  晗','无','7','地理科学学院',2015,2,'2017-04-13 15:36:04','2017-04-13 15:36:04'),(632,'有壳变形虫和植物大化石对泥炭地水位变化的响应敏感性差异研究','刘小冬','无','7','地理科学学院',2015,2,'2017-04-13 15:36:04','2017-04-13 15:36:04'),(633,'基于沙尘输入对植物繁殖体萌发影响试验的长白山泥炭地演替机制研究','刘礼洁','无','7','地理科学学院',2015,2,'2017-04-13 15:36:04','2017-04-13 15:36:04'),(634,'关于暴雨积涝灾害应急救助对策的研究','张  典','无','8','环境学院',2015,2,'2017-04-13 15:36:04','2017-04-13 15:36:04'),(635,'“智慧海绵”供水系统及“循环式海绵型”居住小区设计','宁中华','无','8','环境学院',2015,2,'2017-04-13 15:36:04','2017-04-13 15:36:04'),(636,'长春市大学城区人群PM2.5暴露水平及其动态研究','冯致力','无','8','环境学院',2015,2,'2017-04-13 15:36:04','2017-04-13 15:36:04'),(637,'Pt/g-C3N4的制备及其光电催化制氢研究','姜星颖','无','8','环境学院',2015,2,'2017-04-13 15:36:04','2017-04-13 15:36:04'),(638,'马铁菊头蝠非线性交流声波的特征和功能','钟一凡','无','8','环境学院',2015,2,'2017-04-13 15:36:04','2017-04-13 15:36:04'),(639,'TiO2/PES杂化自清洁抗污染超滤膜的制备及性能研究','郭  楠','无','8','环境学院',2015,2,'2017-04-13 15:36:04','2017-04-13 15:36:04'),(640,'幼儿教师对幼儿进行激励性评价的现状研究——以长春市为例','罗    芮','姚    伟','1','教育学部',2016,2,'2017-04-13 15:39:11','2017-04-13 15:39:11'),(641,'感知风险与消费方式对购买意愿的影响：不安全感的调节作用','梁凯悦','王萍萍','1','教育学部',2016,2,'2017-04-13 15:39:11','2017-04-13 15:39:11'),(642,'幼儿园家长委员会运行现状及策略研究——以长春市为例','郭新宇','于冬青','1','教育学部',2016,2,'2017-04-13 15:39:11','2017-04-13 15:39:11'),(643,'奖赏对视觉非随意注意的影响：ERP研究','潘    如',' 张秀玲 ','1','教育学部',2016,2,'2017-04-13 15:39:11','2017-04-13 15:39:11'),(644,'长春市高校“红色理论”社团发展现状、问题及对策研究\n——以东北师范大学与吉林大学为例','王晓晨','陈    前','2','政法学院',2016,2,'2017-04-13 15:39:11','2017-04-13 15:39:11'),(645,'长春市初中生参与课外补习现状、问题及对策研究\n——以XX中学为个案研究','姚晓昕','杨    弘','2','政法学院',2016,2,'2017-04-13 15:39:11','2017-04-13 15:39:11'),(646,'农村单亲儿童教育研究——影响农村单亲大学生健康成长的关键因素分析','苏玉娟','张桂英','2','政法学院',2016,2,'2017-04-13 15:39:11','2017-04-13 15:39:11'),(647,'东北地区大学生支农社团发展现状、问题及对策研究','李    行','王    彦','2','政法学院',2016,2,'2017-04-13 15:39:11','2017-04-13 15:39:11'),(648,'基于意见挖掘技术的网购评论研究','黄    麒','王晓丹','3','商学院',2016,2,'2017-04-13 15:39:11','2017-04-13 15:39:11'),(649,'大学周边灵活就业群体的特征及结构调查','欧慧敏','吕康银','3','商学院',2016,2,'2017-04-13 15:39:11','2017-04-13 15:39:11'),(650,'我国养老服务产业存在的问题和对策研究','袁忻忻','韩俊江','3','商学院',2016,2,'2017-04-13 15:39:11','2017-04-13 15:39:11'),(651,'乡村旅游推动农村产业结构优化分析-以陕西省西乡县为例','孙晓婷','田    巍','3','商学院',2016,2,'2017-04-13 15:39:11','2017-04-13 15:39:11'),(652,'基于中子标记检测法对检测墙体内爆炸物的研究 ','杜良聪','景士伟','4','物理学院',2016,2,'2017-04-13 15:39:11','2017-04-13 15:39:11'),(653,'门铃遥感震动装置的研制','姚    蔚','王双维','4','物理学院',2016,2,'2017-04-13 15:39:11','2017-04-13 15:39:11'),(654,'C语言程序评测系统的开发与研究','赵    阳','孟艳丽','4','物理学院',2016,2,'2017-04-13 15:39:11','2017-04-13 15:39:11'),(655,'双面神结构金纳米棒@聚丙烯酸/介孔SiO2的可控制备及性能研究','陈艺丹','王春刚','5','化学学院',2016,2,'2017-04-13 15:39:11','2017-04-13 15:39:11'),(656,'超薄g-C3N4纳米片负载Ag2WO4纳米粒子的制备及其光催化性能研究','许金慧','邢   艳','5','化学学院',2016,2,'2017-04-13 15:39:11','2017-04-13 15:39:11'),(657,'基于重氮化合物和各种亲核体的亲电加成反应的研究','李    斌','赵玉龙','5','化学学院',2016,2,'2017-04-13 15:39:11','2017-04-13 15:39:11'),(658,'纳米级MOF担载型多金属氧酸盐催化剂的制备和催化性能的研究','刘    月','刘术侠','5','化学学院',2016,2,'2017-04-13 15:39:11','2017-04-13 15:39:11'),(659,'丛枝菌根真菌介导的草地有毒植物瑞香狼毒与羊草的种间竞争与机制的研究','朱昕睿','邢    福','6','生命科学学院',2016,2,'2017-04-13 15:39:11','2017-04-13 15:39:11'),(660,'红松与偃松的比较亲缘地理学研究','曹外芳','肖洪兴','6','生命科学学院',2016,2,'2017-04-13 15:39:11','2017-04-13 15:39:11'),(661,'Netrin-1组织特异性基因敲除鼠模型的建立及初步应用','付    颖','朱筱娟','6','生命科学学院',2016,2,'2017-04-13 15:39:11','2017-04-13 15:39:11'),(662,'高温修饰果胶的体内抗肿瘤活性研究','张鑫鑫','台桂花','6','生命科学学院',2016,2,'2017-04-13 15:39:11','2017-04-13 15:39:11'),(663,'东北主要农作物——玉米植硅体的分布特征及对自身抗逆性的响应','张鸿鹏','介冬梅','7','地理科学学院',2016,2,'2017-04-13 15:39:11','2017-04-13 15:39:11'),(664,'资源枯竭型城市收缩的演变因素及影响效应分析——以长春市九台区为例','彭思尧',' 刘艳军','7','地理科学学院',2016,2,'2017-04-13 15:39:11','2017-04-13 15:39:11'),(665,'吉氏贪铜菌CR3生物膜对铜的吸附特性与机理研究','李子阳','王小雨','8','环境学院',2016,2,'2017-04-13 15:39:11','2017-04-13 15:39:11'),(666,'环境噪声对大蹄蝠激进叫声的影响研究','郑金阳','江廷磊','8','环境学院',2016,2,'2017-04-13 15:39:11','2017-04-13 15:39:11'),(667,'自清洁抗污染TiO2纳米管/聚芳醚砜杂化超滤膜的制备及性能研究','季   浩','耿    直','8','环境学院',2016,2,'2017-04-13 15:39:11','2017-04-13 15:39:11'),(668,'藻的资源化及其对水中重金属的去除研究','黄    颖','杨    武','8','环境学院',2016,2,'2017-04-13 15:39:11','2017-04-13 15:39:11'),(669,'我国分级诊疗制度推进效果调查研究--基于上海市“1+1+1”医疗模式的分析','仇    治','史桂芬','9','经济学院',2016,2,'2017-04-13 15:39:11','2017-04-13 15:39:11'),(670,'“医养结合”养老模式运行现状及问题研究--基于黑龙江省相关试点单位的调查','毕    铭','甄    艳','9','经济学院',2016,2,'2017-04-13 15:39:11','2017-04-13 15:39:11'),(671,'辽宁省葫芦岛市建昌县旅游精准扶贫的现状及问题研究','汪晴晴','张秀英','9','经济学院',2016,2,'2017-04-13 15:39:11','2017-04-13 15:39:11'),(672,'小学书法教学现状研究----以长春市区为例','洪琳佳','高长山','10','文学院',2016,2,'2017-04-13 15:39:11','2017-04-13 15:39:11'),(673,'金仁顺《春香》对《春香传》的接受与改写研究','田  芮','李明彦','10','文学院',2016,2,'2017-04-13 15:39:11','2017-04-13 15:39:11'),(674,'微媒体对高校形象塑造的作用----以东北师范大学为例','邵碧鹏','马晓虹','10','文学院',2016,2,'2017-04-13 15:39:11','2017-04-13 15:39:11'),(675,'早期改良派知识分子“近代国家”认识的形成——以王韬为例','李丹阳','董灏智','11','历史文化学院',2016,2,'2017-04-13 15:39:11','2017-04-13 15:39:11'),(676,'载沣监国时的满汉关系调适','肖建忠','曲晓范','11','历史文化学院',2016,2,'2017-04-13 15:39:11','2017-04-13 15:39:11'),(677,'从实用主义角度剖析荀子“性恶论”','赵   阳','刘芮方','11','历史文化学院',2016,2,'2017-04-13 15:39:11','2017-04-13 15:39:11'),(678,'普通话标准程度对高校英语师范专业学生英语口语表达能力的自我效能感影响的调查研究','李卓然','曲英梅','12','外国语学院',2016,2,'2017-04-13 15:39:11','2017-04-13 15:39:11'),(679,'以《荒野猎人》和《房间》为例-研究借鉴西方电影改编的成功经验','李镕杉','宋世彤','12','外国语学院',2016,2,'2017-04-13 15:39:11','2017-04-13 15:39:11'),(680,'高校学生消费行为特征与电子商务发展趋势相互影响的研究','王子璇','李立欣','12','外国语学院',2016,2,'2017-04-13 15:39:11','2017-04-13 15:39:11'),(681,'图书网站用户界面设计对消费者购物体验影响的对比研究——以当当网和亚马逊网为例','秦   寒','张艳波、刘科成','12','外国语学院',2016,2,'2017-04-13 15:39:11','2017-04-13 15:39:11'),(682,'校园跨界演唱形式的实践探索 ','李美楠','金顺爱','13','音乐学院',2016,2,'2017-04-13 15:39:11','2017-04-13 15:39:11'),(683,'高校舞蹈创作的地域性特点及其价值研究——以第九届全国舞蹈比赛获奖作品为例','李响如意','周   宏','13','音乐学院',2016,2,'2017-04-13 15:39:11','2017-04-13 15:39:11'),(684,'APP应用软件对儿童钢琴学习的促进作用调查研究','橐思宇','刘   欣','13','音乐学院',2016,2,'2017-04-13 15:39:11','2017-04-13 15:39:11'),(685,'普通高校公共艺术教育现状及对策研究——以吉林省部分高校为例','柏  慧','马   丹','14','美术学院',2016,2,'2017-04-13 15:39:11','2017-04-13 15:39:11'),(686,'合作学习在小学美术“综合探索”学习领域中的应用研究','葛欣萌','潘宏艳','14','美术学院',2016,2,'2017-04-13 15:39:11','2017-04-13 15:39:11'),(687,'美术学院毕业生就业现状调研及路径分析——以东北师范大学美术学院为例','樊晓明','张庆平','14','美术学院',2016,2,'2017-04-13 15:39:11','2017-04-13 15:39:11'),(688,'微信朋友圈信息对大学生价值观影响及应对实证研究——以东北师范大学为例','李梓瑞','康秀云','15','马克思主义学部',2016,2,'2017-04-13 15:39:11','2017-04-13 15:39:11'),(689,'农村转型发展视野中的家庭养老伦理观念变革研究——以长春市陈家店村为例','刘  艳','隋思喜','15','马克思主义学部',2016,2,'2017-04-13 15:39:11','2017-04-13 15:39:11'),(690,'乡村精英在新型农村合作社发展中的作用机制研究','王向阳','朱兴涛','15','马克思主义学部',2016,2,'2017-04-13 15:39:11','2017-04-13 15:39:11'),(691,'道德理由：内在主义与外在主义的批判性研究','刘秋静','庞立生\n田冠浩','15','马克思主义学部',2016,2,'2017-04-13 15:39:11','2017-04-13 15:39:11'),(692,' Solution of Fractional Differential Equations','秦    丽','高忆先','16','数学与统计学院',2016,2,'2017-04-13 15:39:11','2017-04-13 15:39:11'),(693,' 交换半环上半线性空间矩阵性质','罗文欣','陈良云','16','数学与统计学院',2016,2,'2017-04-13 15:39:11','2017-04-13 15:39:11'),(694,'变系数扩散问题的优化施瓦兹波形松弛  算法研究  ','李    旭','徐英祥','16','数学与统计学院',2016,2,'2017-04-13 15:39:11','2017-04-13 15:39:11'),(695,'动态几何技术在中学教学中的应用','王升峰','裴东河','16','数学与统计学院',2016,2,'2017-04-13 15:39:11','2017-04-13 15:39:11'),(696,'小型家用服务机器人的设计与实现','冀芒来','刘淑华','17','计算机科学与信息技术学院',2016,2,'2017-04-13 15:39:11','2017-04-13 15:39:11'),(697,'O2O模式的校园二手书的交易及推荐服务系统','申芳瑜','张邦佐','17','计算机科学与信息技术学院',2016,2,'2017-04-13 15:39:11','2017-04-13 15:39:11'),(698,'基于混合学习的ACM初级网络课程开发与研究','罗    磊','陈晓慧','17','计算机科学与信息技术学院',2016,2,'2017-04-13 15:39:11','2017-04-13 15:39:11'),(699,'个性化移动学习平台设计研发——以现代教育技术课程为例 ','郑佳琦','张利彪','17','计算机科学与信息技术学院',2016,2,'2017-04-13 15:39:11','2017-04-13 15:39:11'),(700,'基于Java3D虚拟化学实验的实现——以硫酸和氯化钡反应为例','宋艳萍','蒲东兵','17','计算机科学与信息技术学院',2016,2,'2017-04-13 15:39:11','2017-04-13 15:39:11'),(701,'基于Andriod的儿童识字辅助APP ','郑时威','潘    伟','18','信息与软件工程学院',2016,2,'2017-04-13 15:39:11','2017-04-13 15:39:11'),(702,'QueueOnline  ','张俊余','潘    伟','18','信息与软件工程学院',2016,2,'2017-04-13 15:39:11','2017-04-13 15:39:11'),(703,'基于Android的二维虚拟试衣 ','包    迪','郑晓娟','18','信息与软件工程学院',2016,2,'2017-04-13 15:39:11','2017-04-13 15:39:11'),(704,'建筑内部的消防导航系统','唐恬静','潘    伟','18','信息与软件工程学院',2016,2,'2017-04-13 15:39:11','2017-04-13 15:39:11'),(705,'基于Android的高校通   ','周开颜','潘    伟','18','信息与软件工程学院',2016,2,'2017-04-13 15:39:11','2017-04-13 15:39:11'),(706,'师范类大学生新媒体素养的提升策略研究—以东北师范大学本科生为例','王铭扬','鲍    枫','19','传媒科学学院',2016,2,'2017-04-13 15:39:11','2017-04-13 15:39:11'),(707,'微信公众号对高校品牌形象塑造的策略分析研究','李朝霞','张    海','19','传媒科学学院',2016,2,'2017-04-13 15:39:11','2017-04-13 15:39:11'),(708,'基于微信公众平台的大学生群体碎片化阅读行为研究--以东北师范大学学生为例','陈景云','张淑燕','19','传媒科学学院',2016,2,'2017-04-13 15:39:11','2017-04-13 15:39:11'),(709,'广场舞与大众健美操的比较研究','刘沿飞','王松涛','20','体育学院',2016,2,'2017-04-13 15:39:11','2017-04-13 15:39:11');

/*Table structure for table `t_school` */

DROP TABLE IF EXISTS `t_school`;

CREATE TABLE `t_school` (
  `id` int(30) NOT NULL AUTO_INCREMENT COMMENT '学院id',
  `name` varchar(100) NOT NULL COMMENT '学院名称',
  `created_time` timestamp NOT NULL DEFAULT CURRENT_TIMESTAMP COMMENT '创建时间',
  `last_modified_time` timestamp NOT NULL DEFAULT CURRENT_TIMESTAMP COMMENT '最近修改时间',
  PRIMARY KEY (`id`)
) ENGINE=InnoDB AUTO_INCREMENT=37 DEFAULT CHARSET=utf8;

/*Data for the table `t_school` */

insert  into `t_school`(`id`,`name`,`created_time`,`last_modified_time`) values (1,'教育学部','2017-04-12 16:06:58','2017-04-12 16:06:58'),(2,'政法学院','2017-04-11 16:06:58','2017-04-12 16:06:58'),(3,'商学院','2017-04-13 16:06:58','2017-04-13 16:06:58'),(4,'物理学院','2017-04-13 16:06:58','2017-04-13 16:06:58'),(5,'化学学院','2017-04-13 16:06:58','2017-04-13 16:06:58'),(6,'生命科学学院','2017-04-13 16:06:58','2017-04-13 16:06:58'),(7,'地理科学学院','2017-04-13 16:06:58','2017-04-13 16:06:58'),(8,'环境学院','2017-04-13 16:06:58','2017-04-13 16:06:58'),(9,'经济学院','2017-04-13 16:06:58','2017-04-13 16:06:58'),(10,'文学院','2017-04-13 16:06:58','2017-04-13 16:06:58'),(11,'历史文化学院','2017-04-13 16:06:58','2017-04-13 16:06:58'),(12,'外国语学院','2017-04-13 16:06:58','2017-04-13 16:06:58'),(13,'音乐学院','2017-04-13 16:06:58','2017-04-13 16:06:58'),(14,'美术学院','2017-04-13 16:06:58','2017-04-13 16:06:58'),(15,'马克思主义学部','2017-04-13 16:06:58','2017-04-13 16:06:58'),(16,'数学与统计学院','2017-04-13 16:06:58','2017-04-13 16:06:58'),(17,'计算机科学与信息技术学院','2017-04-13 16:06:58','2017-04-13 16:06:58'),(18,'信息与软件工程学院','2017-04-13 16:06:58','2017-04-13 16:06:58'),(19,'传媒科学学院','2017-04-13 16:06:58','2017-04-13 16:06:58'),(20,'体育学院','2017-04-13 16:06:58','2017-04-13 16:06:58'),(21,'外国语学院（净月）','2017-04-13 16:06:58','2017-04-13 16:06:58'),(22,'传媒学院','2017-04-13 16:06:58','2017-04-13 16:06:58'),(23,'外国语学院（本部）','2017-04-13 16:06:58','2017-04-13 16:06:58'),(30,'城市与环境科学学院','2017-04-13 16:06:58','2017-04-13 16:06:58'),(32,'清流团队','2017-04-13 16:06:58','2017-04-13 16:06:58'),(33,'奶牛团队','2017-04-13 16:06:58','2017-04-13 16:06:58'),(34,'Nenu鲜行者','2017-04-13 16:06:58','2017-04-13 16:06:58'),(35,'智健生物科技','2017-04-13 16:06:58','2017-04-13 16:06:58'),(36,'地理学院','2017-04-13 16:06:58','2017-04-13 16:06:58');

/*Table structure for table `t_type` */

DROP TABLE IF EXISTS `t_type`;

CREATE TABLE `t_type` (
  `id` int(30) NOT NULL AUTO_INCREMENT COMMENT '类别id',
  `name` varchar(30) NOT NULL COMMENT '类别名称',
  `assistant_code` varchar(30) NOT NULL COMMENT '助记码',
  `created_time` timestamp NOT NULL DEFAULT CURRENT_TIMESTAMP COMMENT '创建时间',
  `last_modified_time` timestamp NOT NULL DEFAULT CURRENT_TIMESTAMP COMMENT '最近修改时间',
  PRIMARY KEY (`id`)
) ENGINE=InnoDB AUTO_INCREMENT=11 DEFAULT CHARSET=utf8;

/*Data for the table `t_type` */

insert  into `t_type`(`id`,`name`,`assistant_code`,`created_time`,`last_modified_time`) values (1,'互联网+','HLW','2017-04-08 14:09:59','2017-04-08 14:09:59'),(2,'创青春全国大学生创业大赛','CQCQGDXSDS','2017-04-08 14:10:08','2017-04-08 14:10:08'),(3,'挑战杯','TZB','2017-04-08 14:10:20','2017-04-08 14:10:20'),(4,'暑期社会实践公告','SQSHSJGG','2017-04-12 11:20:38','2017-04-12 11:20:38'),(5,'科研扶持','WLJH','2017-04-12 11:20:52','2017-04-12 11:20:52'),(6,'创业园','CYY','2017-04-12 12:08:58','2017-04-12 12:08:58'),(7,'企业注册','QYZC','2017-04-12 12:09:04','2017-04-12 12:09:04'),(8,'科研成果','KYCG','2017-04-12 12:09:23','2017-04-12 12:09:23'),(9,'国家级创新创业训练计划','GJJCXCYJHXL','2017-04-12 12:09:42','2017-04-12 12:09:42'),(10,'科研立项','SQSHSJ','2017-04-12 12:09:48','2017-04-12 12:09:48');

/*Table structure for table `t_user` */

DROP TABLE IF EXISTS `t_user`;

CREATE TABLE `t_user` (
  `id` int(11) NOT NULL AUTO_INCREMENT COMMENT '用户id',
  `username` varchar(30) NOT NULL COMMENT '用户名',
  `password` varchar(30) NOT NULL COMMENT '密码',
  `type` int(5) NOT NULL DEFAULT '2' COMMENT '用户身份：1超级管理员 2管理员',
  `created_time` timestamp NOT NULL DEFAULT CURRENT_TIMESTAMP COMMENT '创建时间',
  `last_modified_time` timestamp NOT NULL DEFAULT CURRENT_TIMESTAMP COMMENT '最近修改时间',
  `status` int(5) NOT NULL DEFAULT '1' COMMENT '状态：1正常 2停用',
  PRIMARY KEY (`id`)
) ENGINE=InnoDB AUTO_INCREMENT=8 DEFAULT CHARSET=utf8;

/*Data for the table `t_user` */

insert  into `t_user`(`id`,`username`,`password`,`type`,`created_time`,`last_modified_time`,`status`) values (1,'admin','123456',1,'2017-04-10 07:54:30','2017-04-10 07:54:30',1),(2,'user1','123456',2,'2017-04-10 07:54:40','2017-04-10 07:54:40',1),(3,'user3','123456',2,'2017-04-10 07:55:03','2017-04-10 07:55:03',1),(4,'user4','123456',2,'2017-04-10 07:55:10','2017-04-10 07:55:10',1),(5,'user5','123456',2,'2017-04-10 07:55:15','2017-04-10 07:55:15',1),(6,'user6','123456',2,'2017-04-10 07:55:23','2017-04-10 07:55:23',1),(7,'user7','123456',2,'2017-04-10 07:55:29','2017-04-10 07:55:29',2);

/*!40101 SET SQL_MODE=@OLD_SQL_MODE */;
/*!40014 SET FOREIGN_KEY_CHECKS=@OLD_FOREIGN_KEY_CHECKS */;
/*!40014 SET UNIQUE_CHECKS=@OLD_UNIQUE_CHECKS */;
/*!40111 SET SQL_NOTES=@OLD_SQL_NOTES */;
