/*
SQLyog Ultimate v12.08 (64 bit)
MySQL - 5.6.19-log : Database - innovation-web
*********************************************************************
*/

/*!40101 SET NAMES utf8 */;

/*!40101 SET SQL_MODE=''*/;

/*!40014 SET @OLD_UNIQUE_CHECKS=@@UNIQUE_CHECKS, UNIQUE_CHECKS=0 */;
/*!40014 SET @OLD_FOREIGN_KEY_CHECKS=@@FOREIGN_KEY_CHECKS, FOREIGN_KEY_CHECKS=0 */;
/*!40101 SET @OLD_SQL_MODE=@@SQL_MODE, SQL_MODE='NO_AUTO_VALUE_ON_ZERO' */;
/*!40111 SET @OLD_SQL_NOTES=@@SQL_NOTES, SQL_NOTES=0 */;
CREATE DATABASE /*!32312 IF NOT EXISTS*/`innovation-web` /*!40100 DEFAULT CHARACTER SET utf8 */;

USE `innovation-web`;

/*Table structure for table `t_article` */

DROP TABLE IF EXISTS `t_article`;

CREATE TABLE `t_article` (
  `id` int(30) NOT NULL AUTO_INCREMENT COMMENT '文章id',
  `title` varchar(250) NOT NULL COMMENT '标题',
  `content` text NOT NULL COMMENT '内容',
  `type_id` int(30) NOT NULL COMMENT '类别',
  `created_time` timestamp NOT NULL DEFAULT CURRENT_TIMESTAMP COMMENT '创建时间',
  `last_modified_time` timestamp NOT NULL DEFAULT CURRENT_TIMESTAMP COMMENT '最近修改时间',
  `creator_id` int(30) NOT NULL COMMENT '创建者id',
  `read_num` int(30) NOT NULL DEFAULT '1' COMMENT '阅读次数',
  `is_audited` int(5) NOT NULL DEFAULT '0' COMMENT '0 待审核 1 审核通过',
  `school_id` int(5) NOT NULL DEFAULT '0' COMMENT '发布单位',
  PRIMARY KEY (`id`)
) ENGINE=InnoDB AUTO_INCREMENT=128 DEFAULT CHARSET=utf8;

/*Data for the table `t_article` */

insert  into `t_article`(`id`,`title`,`content`,`type_id`,`created_time`,`last_modified_time`,`creator_id`,`read_num`,`is_audited`,`school_id`) values (112,'关于申报2017年度“国家级大学生创新创业训练计划”项目的通知','<div class=\"info-box clearfix\">\r\n<div class=\"article\">\r\n<div class=\"article-wrap\">\r\n<div>\r\n<div class=\"article-info\">\r\n<div class=\"entry\">\r\n<div class=\"read\">\r\n<p>各学院（部）团委：<br />　　为进一步转变教育思想观念，改革人才培养模式，强化创新创业能力训练，增强我校学生的创新能力和在创新基础上的创业能力，培养适应创新型国家建设需要的高水平创新人才，根据教育部有关文件精神结合我校实际情况，学校拟开展2017年&ldquo;国家级大学生创新创业训练计划&rdquo;项目申报工作，具体通知如下：<br />　　一、计划内容<br />　　国家级大学生创新创业训练计划内容包括创新训练项目、创业训练项目和创业实践项目三个类别。<br />　　二、申报对象<br />　　本年度项目申报对象为2014、2015、2016级全日制在籍本科生（2016级学生可以作为项目组成员参与申报，不能担任项目负责人）。项目申请者可以是个人或团队，团队成员最多不超过5人，本年度每位学生只能参与1项创新创业训练计划项目。<br />　　三、项目申报<br />　　1．申报要求。本年度立项项目分为三类：<br />　　（1）创新训练项目。申报项目要求以解决本学科及其交叉学科、企业研发及自然界和人类生活中某一问题为出发点，以科研理论、技术创新为主的课题。<br />　　（2）创业训练项目。申请创业训练项目要求有一定理论和实践意义，选题科学合理，立论依据充分，具有创新性、探索性和商业前景；研究内容和目标明确，团队成员在企业模拟运行中有具体角色和分工。<br />　　（3）创业实践项目。创业实践项目可依托创新训练或创业训练项目研究成果，提出具有市场前景创新性产品或服务，并以此为基础与相关政府部门或企事业单位开展合作，建立明确运营实体（主要以注册公司形式），将研究成果予以社会转化。<br />　　2．研究周期。研究期限为一年。<br />　　3．指导教师要求。项目指导教师应具有副高级（含副高级）及以上专业技术职称的专任教师，创业实践项目指导教师实行校内和校外&ldquo;双导师&rdquo;方式;本年度每名教师只能指导1项计划项目。<br />　　四、申报程序<br />　　1．院部初审。（2017年3月1日&mdash;11日）各项目负责人下载并填写（见附件1、2、3），经指导教师审阅签字后上交至本单位团委；各学院（部）团委对本单位申报书进行初审、分类汇总并填写（见附件4）；并遴选1名&ldquo;国创&rdquo;项目联络员，负责本单位学生&ldquo;国创&rdquo;项目的组织协调工作，同时填写（见附件5）并加盖团委公章。<br />　　2．材料上报。（2017年3月14日12:00&mdash;13:00）各学院（部）将确定后的项目申请书（一式8份）、汇总表（一式2份盖学院章）、联络员表以及相关证明材料交至校团委（本部校区：北苑餐厅三楼B05室、净月校区：校学生会办公室），并将项目全部电子材料含答辩PPT（时长不超过6分钟，内容参照项目申请书）压缩发送至nenukysjb@163.com，逾期不予受理。<br />　　3．立项评审。（2017年4月上旬）学校对项目进行资格审核，并对通过审核项目进行评审，确定立项名单。<br />　　4．公示上报。确定立项名单后，学校将进行为期7天的名单公示，公示结束后报送教育部。<br />　　五、注意事项<br />　　项目以公示结束日期起算，学校将召开立项说明会和系列培训会，组织项目负责人统一签署项目合同书、项目承诺书，下发立项通知书。<br />　　各项目组按照要求在2017年7月提交项目中期报告，12月提交项目结项报告。<br />　　项目前期经费将在2017年4月-5月下发，对于在创业训练项目建设中表现突出的项目，学校将在次年创业实践项目评审时推荐。</p>\r\n<p>　　联系人：郑雪　0431-85099382</p>\r\n<p style=\"text-align: right;\">教务处 <br />校团委 <br />2017年1月5日</p>\r\n</div>\r\n</div>\r\n</div>\r\n</div>\r\n</div>\r\n</div>\r\n</div>',9,'2017-04-29 23:26:11','2017-04-29 23:26:11',1,2,1,0),(114,'关于申报东北师范大学2017年度“中央高校基本科研业务专项资金”本科生项目的通知','<p>各学院（部）团委：<br />　　为进一步浓厚我校学生科研氛围，培养学生创新精神及实践能力，致力培养一批素质高、能力强的学术科技创新人才。学校近期拟开展东北师范大学2017年度&ldquo;中央高校基本科研业务专项资金&rdquo;本科生项目的申报工作，具体通知如下：<br />　　一、项目类型<br />　　2017年度立项项目分为重点培育项目和一般培育项目两类。<br />　　项目执行期为1年，课题研究方向由各项目组自行拟定。课题研究方向参考《国家社科基金项目2017年度课题指南》《2017年度国家自然科学基金项目指南》及教育部、团中央等部门组织的各类学生科研竞赛的参赛指南，详情参考（见附件1）。<br />　　二、申报条件<br />　　1．课题负责人应为2014、2015级全日制在籍本科生，每个课题组应由3&mdash;5名学生组成，原则上应具有年级梯度，项目负责人不可兼任其他项目组组长；已获准成为&ldquo;2016年度国家级大学生创新创业训练计划&rdquo;项目组组长的不能同时兼报此项。<br />　　2．每个项目组至少聘请一位具有副高级以上职称、热心于学生科研活动的指导教师，负责帮助学生指导项目。<br />　　3．重点培育项目和一般培育项目可兼报，但不能兼得，以最高项为准。<br />　　三、项目申报及评审<br />　　1．项目申报。申报人需在2017年3月20日前填好立项申请书（见附件2）并交至本单位团委。<br />　　2．立项评审。一般培育项目的评审由本单位自行组织。重点培育项目由学校对申请立项的项目进行资格审查，并对通过资格审查项目进行集中评审，最终确定立项名单。<br />　　3．评审报送。各学院（部）于3月30日前完成评审，并将最终评审结果（立项申请书）纸质版于4月3日13:00前报送至校团委（本部校区：北苑餐厅三楼B05室、净月校区：校学生会办公室）。电子版发送至nenukysjb@163.com。<br />　　四、结题标准<br />　　1．重点培育项目（符合其中一项即可自动结项）<br />　　（1）在省级及以上级别刊物上至少发表一篇文章，文章第一作者必须为课题组负责人或成员；<br />　　（2）科研成果获得省级政府意见采纳证明；<br />　　（3）在国家级或省级&ldquo;挑战杯&rdquo;、&ldquo;互联网+&rdquo;等科技创新竞赛中获得奖项。<br />　　2．一般培育项目<br />　　实现课题立项预期目标，取得预期成果，形成完整的、高质量的研究报告，项目在结项评审会上答辩得到评委一致认可，分数在合格分以上。<br />　　3．动态调整<br />　　重点科研项目若在结题评审时未达到结题标准，将按照一般培育项目标准下拨钱款。一般培育项目若在结题时达到重点培育项目的结题标准，将按照重点培育项目标准下拨款项。</p>',10,'2017-04-29 23:47:36','2017-04-29 23:47:36',1,5,1,0),(115,'第三届中国“互联网+”大学生创新创业大赛','<p>一、赛事简介</p>\r\n<p>为贯彻落实李克强总理重要指示和《国务院办公厅关于深化高等学校创新创业教育改革的实施意见》精神，教育部联合有关部门共同举办了中国&ldquo;互联网+&rdquo;大学生创新创业大赛（以下简称&ldquo;大赛&rdquo;）。李克强总理对大赛作出重要批示，强调要把创新创业教育融入人才培养，切实增强学生的创业意识、创新精神和创造能力，厚植大众创业、万众创新的土壤，为建设创新型国家提供源源不断的人才智力支撑。刘延东副总理连续两届分别来到大赛承办高校吉林大学、华中科技大学，现场接见获奖学生、指导老师和专家评委代表。大赛得到各地高校和学生积极响应，两届大赛学生报名项目超过15万个、直接参与学生超过74万人。大赛已经成为覆盖全国所有高校，面向全体高校学生，影响最大的赛事活动之一，成为深化高校创新创业教育改革的载体，促进高校学生全面发展的重要平台和推动产学研用结合的关键纽带。</p>\r\n<p>第三届中国&ldquo;互联网+&rdquo;大学生创新创业大赛旨在深化高等教育综合改革，激发大学生的创造力，培养造就&ldquo;大众创业、万众创新&rdquo;的生力军；推动赛事成果转化和产学研用紧密结合，促进&ldquo;互联网+&rdquo;新业态形成，服务经济提质增效升级；以创新引领创业、创业带动就业，推动高校毕业生更高质量创业就业。</p>\r\n<p>二、大赛主题</p>\r\n<p>搏击&ldquo;互联网+&rdquo;新时代，壮大创新创业生力军</p>\r\n<p>三、参赛对象</p>\r\n<p>&nbsp;&nbsp;&nbsp;&nbsp;东北师范大学全日制在籍本科生及研究生</p>\r\n<p>四、比赛时间</p>\r\n<p>　　2017年3月20日-2017年5月10日</p>\r\n<p>五、比赛流程</p>\r\n<p>（一）大赛宣讲会</p>\r\n<p>　　宣讲会介绍大学生创新创业中心本学期举办的活动，重点宣读本次大赛流程及规则，由创业导师培训如何撰写商业计划书等，要求参赛团队必须参加本次培训。时间为2017年3月29日下午3:00，地点为净月校区计算机学院128教室。</p>\r\n<p>（二）初赛</p>\r\n<p>　　参赛团队需根据提交的项目及商业计划书进行PPT展示及答辩，邀请校内外创业导师现场打分，最终给出总分，根据分数选出前十的队伍进入决赛。时间暂定2017年4月中旬，地点另行通知。</p>\r\n<p>（三）决赛</p>\r\n<p>　　晋级决赛的团队需在现场展示大赛期间项目研究过程及成果，并现场答辩，最终根据线上投票、老师打分及策划书评分等综合评定得分得出最终名次。决赛时间暂定2017年5月上旬，地点另行通知。</p>\r\n<p>六、参赛具体要求</p>\r\n<p>（一）参赛对象要求</p>\r\n<p>　　1.参赛者必须以创业团队形式参赛，每个团队5-8人，要求指导老师一名。提倡参赛者以学科优势互补、专业配备科学、人员结构合理的原则自由组队，鼓励和支持跨院系、跨学科、跨学历组队。</p>\r\n<p>　　2.参赛团队必须参加大赛宣讲会。</p>\r\n<ul>\r\n<li>参赛团队不得通过参赛进行不正当宣传炒作。</li>\r\n</ul>\r\n<p>（二）参赛作品要求</p>\r\n<p>　　1.参赛作品须围绕以下内容：以技术创新为基础，具有市场潜力的发明创造、技术专利或课外学术科技创作的市场转化；以模式创新为核心的新型商业形式；与信息技术相关的现代服务产品；与环保、绿色相关的适用技术产品；与社会发展需求相适应的产品；概念产品、智力服务项目的推广等主题的创业计划。</p>\r\n<p>　　2.作品的主要创意、项目研发、产品制作原则上要由参赛团队独立完成，允许有团队外人员或机构参与指导。</p>\r\n<p>　　3.作品如使用他人的发明创造或专利技术，参赛者须向学校提供具有法律效应的书面授权许可。作品必须保证不侵犯任何第三方的知识产权、工业产权或技术秘密，如出现有关纠纷，责任完全由参赛者承担。</p>\r\n<p>六、奖项设置</p>\r\n<p>　　此次大赛设金、银、铜奖各一个，两个优秀奖，获奖队伍可以优先获得参加吉林省第三届&ldquo;互联网+&rdquo;大学生创新创业大赛的资格，并优先考虑入驻我校创业园区。</p>\r\n<p>七、报名时间及方式</p>\r\n<p>　　请各参赛团队下载并填写附件1，制作项目商业计划书，并于2017年4月6日前将填好的电子版报名表及商业计划书发到邮箱<a href=\"mailto:nenudxscxcyzx@163.com\">nenudxscxcyzx@163.com</a>，于2017年4月7日13:00前将纸质版材料交到大学生创新创业中心办公室（本部：北苑餐厅三楼B11室；净月：大学生活动中心创客空间），纸质版材料要求报名表一式三份，商业计划书一式五份，按照要求印刷装订。逾期不予受理，视为放弃参赛。</p>\r\n<p>八、作品申报及相关要求</p>\r\n<p>（一）创业计划书的建议组成部分</p>\r\n<p>　　项目摘要、产业背景和团队概述、市场调查和分析、公司战略、总体进度安排、关键的风险、问题和假定、管理团队、公司资金管理、财务预测、假定公司能够提供的利益等方面。</p>\r\n<p>（二）作品提交形式要求</p>\r\n<p>　　所有申报参赛的作品须提供电子版及纸质版。</p>\r\n<p>　　联系人：张孟哲 13029012571</p>',1,'2017-04-30 09:47:26','2017-04-30 09:47:26',1,2,1,0),(116,'第十五届 “ 挑战杯”全国大学生课外学术科技作品竞赛','<p>一、赛事简介</p>\r\n<p>&nbsp;&nbsp;&nbsp;&ldquo; 挑战杯&rdquo; 全国大学生课外学术科技作品竞赛 ( 以下简称</p>\r\n<p>&ldquo; 挑战杯&rdquo; 竞赛) 至今已成功举办十四届。 竞赛创办以来, 始终坚持 &ldquo; 崇尚科学、 追求真知、 勤奋学习、 锐意创新、 迎接挑战&rdquo;的宗旨, 在推动广大高校学生参与学术科技实践、 发现和培养创新型人才、 深化高校素质教育等方面发挥了积极作用, 集中展示了高校的育人成果, 体现了鲜明的导向性、 示范性和群众性, 在</p>\r\n<p>高校和社会上产生了广泛、 良好的影响。</p>\r\n<p>为深入贯彻党的十八大和十八届三中、 四中、 五中、 六中全会精神, 进一步引导广大高校学生努力培养科学精神和科学态度, 积极学习科学知识和科学方法, 踊跃投身创新驱动发展战略, 为全面建成小康社会贡献青春动能, 共青团中央、 中国科协、 教育部、 中国社会科学院、 全国学联、 上海市人民政府决定共同主办第十五届 &ldquo;挑战杯&rdquo;竞赛。根据第十四届&ldquo;挑战杯&rdquo;竞赛全国组委会表决结果, 第十五届&ldquo;挑战杯&rdquo;竞赛由上海大学承办, 将于 2017 年 6 月上旬开始报送作品, 决赛将于下半年在上海举行。 目前, 第十五届&ldquo;挑战杯&rdquo;竞赛领导小组和全国组织委员会已经成立, 各项筹备工作全面展开。</p>\r\n<p>二、参赛对象</p>\r\n<p>本硕博全日制学生。可采取个人报名与团体报名方式，团队人数不超过3人。</p>\r\n<p>三、作品申报要求</p>\r\n<p>1、申报作品必须为距2017年4月1日前两年内完成的学生课外学术科技或社会实践活动成果。</p>\r\n<p>2、申报作品分为三个类别：</p>\r\n<p>(1)自然科学类学术论文。</p>\r\n<p>本类项目主要是针对某一学科或某一领域前沿问题的探索和研究，要求具有较强的前沿性和学术性。</p>\r\n<p>申报自然科学类学术论文的作者限本科生，论文的合作者中不得包含研究生、教师。</p>\r\n<p>(2)哲学社会科学类社会调查报告和学术论文。</p>\r\n<p>本类项目主要是针对当前经济社会发展热点难点问题的研究，通过理论探索和实证调查，分析得出具有较强可行性、前瞻意义的对策、建议或学术论文。本类项目限定在哲学、经济、社会、法律、教育、管理等学科内。</p>\r\n<p>(3)科技发明制作。</p>\r\n<p>本类项目主要是科技创新、发明创造，要求作品具有较强的应用价值和转化前景。它分为A、B两类：A类指科技含量较高、制作投入较大的作品；B类指投入较少，且为生产技术或社会生活带来便利的小发明、小制作等</p>\r\n<p>3、对于跨院系申报的课题,以项目学生负责人所在学院为该课题的申报单位。</p>\r\n<p>4、 参赛作品须以学生为主设计，独立完成，能够参加展示。毕业设计和课程设计（论文）、学年论文和学位论文、国际竞赛上获奖的作品、获国家级奖励成果等不能申报。</p>',3,'2017-04-30 09:48:14','2017-04-30 09:48:14',1,1,1,0),(118,'第八届中国大学生服务外包创新创业大赛','<p>一、赛事简介</p>\r\n<p>为进一步聚焦服务业创新发展，加快服务外包人才培养工作，促进大学生就业和创业，教育部、商务部和无锡市人民政府将继续联合举办&ldquo;第八届中国大学生服务外包创新创业大赛&rdquo;。</p>\r\n<p>二、大赛宗旨</p>\r\n<p>紧贴服务外包、创新创业主题，以应用为导向，加强产学互动，搭建大学生服务外包创新创业能力展示平台；引导学生关注现代服务产业，吸引企业关注学生创新创业，促进高校教育改革适应战略性新兴产业发展需求，为产业发展提供人才支撑，推动人才交流合作，努力促进大学生的就业和创业。</p>\r\n<p>三、参赛要求</p>\r\n<p>本届大赛赛题分为 A、B 两类（A 类：企业命题类；B 类：创业实践类）。</p>\r\n<p>（一）组织方式。根据教育部、商务部办公厅文件要求，大赛组委会负责大赛的组织工作，邀请国内外相关高校参赛。</p>\r\n<p>（二）参赛对象。全国高等学校（本科类和高职高专类院校）具有正式学籍的全日制在校学生（含 2017 年应届毕业生）及毕业不超过 5 年（2012 年 4 月 1 日后毕业）的大学生。</p>\r\n<p>（三）参赛名额。参赛队以学校为单位，统一集中报名。每队队员数量上限 5 人，指导老师数量上限 2 人。</p>\r\n<p>A 类（企业命题类）每校参赛团队数量不限，</p>\r\n<p>B 类（创业实践类）每校限报 1 队。</p>\r\n<p>（四）报名方式。本届大赛采取网络报名方式，报名时间为</p>\r\n<p>2017 年 4 月 1 日起至 5 月 5 日止，参赛团队可通过大赛官方网站进行报名（网址：<a href=\"http://www.fwwb.org.cn/）。\">http://www.fwwb.org.cn/）。</a></p>\r\n<p>&nbsp;</p>\r\n<p>更多大赛内容和具体安排参见《第八届中国大学生服务外包创新创业大赛参赛手册》（2017 年 4 月 1 日前通过大赛官方网站公布）。</p>\r\n<ul>\r\n<li>其他事项</li>\r\n</ul>\r\n<p>（一）参赛费用说明 &nbsp;&nbsp;大赛不向参赛院校及师生收取任何费用。决赛期间参赛团队食宿交通等需由团队自行负责。</p>\r\n<p>（二）信息发布方式</p>\r\n<p>有关大赛工作的重要通知和说明事项，由大赛组委会通过大赛官网和官方 QQ 群统一公告和通知。</p>\r\n<ul>\r\n<li>大赛组委会联系方式</li>\r\n</ul>\r\n<p>&nbsp;&nbsp;&nbsp;&nbsp;&nbsp;联 系 人：张老师</p>\r\n<p>&nbsp;联系电话：（0510）85389850</p>\r\n<p>&nbsp;&nbsp;&nbsp;&nbsp;&nbsp;传 真: （0510）85389850</p>\r\n<p>&nbsp;电子邮箱：fwwb20090909@163.com &nbsp;&nbsp;</p>\r\n<p>&nbsp;地 址：无锡市太湖新城金融一街 10 号楼 6 层 606 室</p>\r\n<p>&nbsp;邮 编：214121</p>\r\n<p>&nbsp;大赛官网：http://www.fwwb.org.cn/</p>\r\n<p>&nbsp;官 方 QQ：470279866（大赛指导教师群）</p>\r\n<p>&nbsp;&nbsp;&nbsp;&nbsp;&nbsp;&nbsp;&nbsp;&nbsp;&nbsp;&nbsp;&nbsp;&nbsp;&nbsp;&nbsp;&nbsp;&nbsp;479124341（大赛参赛学生群）</p>',2,'2017-04-30 10:03:39','2017-04-30 10:03:39',1,1,1,0),(119,'第六届“家曦杯”课外学术科技作品竞赛','<p>一、赛事建简介</p>\r\n<p>&nbsp;&nbsp;&nbsp;&ldquo;家曦杯&rdquo;是由<a href=\"http://baike.baidu.com/item/%E4%B8%9C%E5%8C%97%E5%B8%88%E8%8C%83%E5%A4%A7%E5%AD%A6\">东北师范大学</a>校团委统一领导，由东北师范大学科研中心负责组织大学生课外学术科技类的作品竞赛。</p>\r\n<p>二、大赛主题：</p>\r\n<p>&nbsp;&nbsp;&nbsp;&nbsp;崇尚科学、追求真知、勤奋学习、锐意创新、迎接挑战</p>\r\n<p>三、参赛对像</p>\r\n<p>全日制在籍研究生、本科生。</p>\r\n<p>四、时间推进<br />&nbsp;&nbsp;&nbsp;&nbsp;1.作品申报。（2017年1月-3月上旬）各单位落实大赛通知的相关要求，及时规划项目方向、论证内容、作品上报，把项目研究的结果设计的更加科学。</p>\r\n<p>&nbsp;&nbsp;&nbsp;&nbsp;2.院级初评。（2017年3月上旬-3月末）各项目负责人下载并填写申报书（附件1）；各学院（部）团委对本单位申报书聘请专家进行初评、分类汇总并填写（附件2）；遴选1名&ldquo;挑战杯&rdquo;竞赛联络员，负责本单位&ldquo;挑战杯&rdquo;竞赛的组织协调工作，并将全部电子材料于4月3日前压缩发送至nenukysjb@163.com，逾期不予受理。</p>\r\n<p>&nbsp;&nbsp;&nbsp;&nbsp;3.校级审核。（2017年4月初-4月中旬）学校对参赛作品进行资格审核，并组织赛前培训会，对参赛作品进行一对一的赛前指导。</p>\r\n<p>4.校级决赛。（2017年4月中旬-5月初）学校对参赛作品进行集中评审，确定校级决赛作品，组织专家团队，对决赛作品进行培训指导，确定推荐第十五届&ldquo;挑战杯&rdquo;全国大学生课外学术科技作品竞赛作品名单。</p>\r\n<p>五、申报指南<br />&nbsp;&nbsp;&nbsp;&nbsp;参赛作品申报分三类：自然科学类学术论文、哲学社会科学类社会调查报告和学术论文、科技发明制作。<br />&nbsp;&nbsp;&nbsp;&nbsp;1.自然科学类学术论文：包括学术论文、科技建议。<br />&nbsp;&nbsp;&nbsp;&nbsp;申报自然科学类学术论文的作者限本科生，论文的合作者中不得包含研究生、教师，要求论点明确、论据充分、论证可靠、文字简洁、逻辑严密、有说服力，能经得起理论上的推敲和实践检验。根据学术论文、科技建议的科学性、创新性、应用性进行综合评定。<br />&nbsp;&nbsp;&nbsp;&nbsp;2.哲学社会科学类社会调查报告和学术论文：包括学术论文、调查报告、咨询报告。<br />&nbsp;&nbsp;&nbsp;&nbsp;哲学社会科学类调查报告和学术论文限定在哲学、经济、社会、法律、教育、管理6个学科内。其中哲学社会科学类学术论文的合作者不能有教师及比申报者更高学历层次的研究生，主要从成果的思想性、理论性、学术性、规范性、应用性、研究方法、语言逻辑以及社会反响等方面进行综合考评。<br />&nbsp;&nbsp;&nbsp;&nbsp;3.科技发明制作：包括科技发明和技术开发。<br />&nbsp;&nbsp;&nbsp;&nbsp;科技发明制作类分为A、B两类：A类指科技含量较高、制作投入较大的作品；B类指投入较少，且为生产技术或社会生活带来便利的小发明、小制作等。根据其新颖性、创造性、应用价值和转化前景等方面进行综合评定。</p>\r\n<p>&nbsp;六、申报要求</p>\r\n<p>&nbsp;&nbsp;&nbsp;&nbsp;1.申报参赛的作品为2015年9月-2017年5月间完成的课外学术科技和社会实践活动成果。毕业设计（论文）、国际竞赛上获奖的作品和国家级竞赛获奖的作品不在申报之列。合作完成的作品合作者不得多于2人，按学历最高的作者划分组别。<br />&nbsp;&nbsp;&nbsp;&nbsp;2.本届竞赛以学院（部）为单位组织申报，各学院（部）申报校级竞赛作品采取&ldquo;5+1&rdquo;方式，即在本学院（部）&ldquo;国家级大学生创新创业训练计划&rdquo;项目、&ldquo;中央高校基本科研业务专项资金&rdquo;本科生项目中，择优推荐5个作品，并由单位团委书记推荐1个优秀作品。</p>\r\n<p>&nbsp;</p>\r\n<p>联系人：郑雪 0431-85099382</p>',11,'2017-04-30 10:05:10','2017-04-30 10:05:10',1,1,1,0),(120,'中关村人才创客大赛','<p>一、赛事简介</p>\r\n<p>&nbsp; &nbsp; &nbsp; &nbsp; &nbsp; &ldquo;中关村人才创客大赛&rdquo;创新创业成就未来，为进一步落实《国务院关于大力推进大众创业万众创新若干政策措施的意见》和《关于实施大学生创业引领计划的通知》文件精神，秉承在高等学校开展创新创业教育，积极鼓励高校学生自主创业，教育系统深入学习实践科学发展观，服务于创新型国家建设的重大战略举措。为着力打造中关村全国创业示范街，由海淀区人力资源和社会保障局、中国人力资源开发研究会联合指导，中关村人才市场和北京市海淀区高层次人才发展促进会主办的面向全国性质创业大赛。大赛旨在提升各区域创新创业环境，积极提高创业者素质，本年度举办的第二届创新创业大赛。组委会将在全国百校联盟各成员高校设立分赛场，面向全国范围内召集创业团队项目，&ldquo;才创汇&rdquo;力求给广大创业者提供更广阔的展示平台。</p>\r\n<p>二、大赛主题</p>\r\n<p>&nbsp;&nbsp;&nbsp;&nbsp;&nbsp;创新创业成就未来</p>\r\n<p>&nbsp;四、 大赛形式</p>\r\n<p>1、参赛项目要求</p>\r\n<p>&nbsp;&nbsp;&nbsp;&nbsp;本届大赛分为创意组与实践组</p>\r\n<p>&nbsp;&nbsp;&nbsp;&nbsp;创意组参赛条件：申报人是团队负责人或创业企业法人，为普通高等学校在校生（不含在职）；团队尚未正式注册或注册</p>\r\n<p>时间晚于 2017 年 2 月 1 日。</p>\r\n<p>&nbsp;</p>\r\n<p>&nbsp;&nbsp;&nbsp;&nbsp;实践组参赛条件：申报人是创业企业法人，为普通高等学校在校生（不含在职）或毕业 5 年以内的毕业生；创业企业在2017 年 2 月 1 日前已注册。</p>\r\n<p>&nbsp; &nbsp; &nbsp; &nbsp; &nbsp; 两组分别进行比赛选拔</p>\r\n<p>&nbsp; &nbsp; &nbsp; &nbsp; &nbsp;&nbsp;参赛项目要求能够将移动互联网、云计算、大数据、物联网等新一代信息技术与行业产业紧密结合，培育产生基于互联网的新产品、新服务、新业态、新模式，以及推动互联网与教育、医疗、社区等深度融合的公共服务创新。</p>\r\n<p>&nbsp; &nbsp; &nbsp; &nbsp; &nbsp;参赛项目内容须健康、合法，无任何不良信息。参赛项目所涉及的发明创造、专利技术、资源等必须拥有清晰合法的知识产权或物权，报名时需提交完整的具有法律效力的所有人书面授权许可书、项目鉴定证书、专利证书等。抄袭、盗用、提供虚假材料或违反相关法律法规一经发现即刻取消参赛资格并自负一切法律责任。对于已注册运营的项目，在报名时需提交单位概况、法定代表人情况、组织机构代码复印件等相关证明材料。</p>',11,'2017-04-30 10:11:58','2017-04-30 10:11:58',1,2,1,0),(121,'吉林省大学生自主创业扶持政策','<p>根据《吉林省人民政府关于印发促进全民创业的若干政策的通知》（吉政发〔2009〕4号）、《吉林省人民政府关于印发促进高校毕业生就业若干政策的通知》（吉政发〔2009〕8号）、《吉林省人民政府办公厅关于做好全省普通高等学校毕业生就业工作的通知》（吉政办发〔2013〕24号）&nbsp;、《吉林省离校未就业高校毕业生就业促进计划实施意见》（吉人社办字〔2013〕43号）&nbsp;、《吉林省人民政府办公厅关于做好2014年全省普通高等学校毕业生就业创业工作的通知》（吉政办发〔2014〕24号）及《关于发展众创空间推进大众创新创业的实施意见》（吉政办发〔2015〕31号）文件，吉林省政府为自主创业的高校毕业生提供了多项优惠政策，具体政策内容如下：</p>\r\n<p>一、对注册资本在50万元以下的公司制企业，允许注册资本零首付，6个月内注册资本到位20%，其余部分2年内到位。（吉政发〔2009〕4号）</p>\r\n<p>二、放宽创办企业经营场所限制。创业者不能提供企业经营场所产权证的，可凭房产部门出具使用权证明或银行产权抵押证明办理相关手续；农民创业者以私人住所为经营场所，不能出具产权证明的，可凭村委会出具使用权证明办理相关手续。（吉政发〔2009〕4号）</p>\r\n<p>三、高校毕业生自主创业的，2年内免收劳动人事代理费，可比照灵活就业困难人员享受不超过3年的社会保险补贴，免费享受创业项目、创业培训、信息咨询等联动服务。（吉政发〔2009〕4号）</p>\r\n<p>四、对新创办的年主营业务收入50万元以下的小企业，3年内免收和暂停各类收费，并按照企业实缴地方税额的一定比例，由当地财政给予最高限额2万元补贴，具体标准由当地政府确定。（吉政发〔2009〕4号）</p>\r\n<p>五、金融机构逐步提高对小企业及个人创业的信贷比例；对还款及时、信誉良好的企业及个人，在贷款额度和期限上给予支持。（吉政发〔2009〕4号）</p>\r\n<p>六、对人力资源和社会保障部门认定确有资金困难的创业者，经贷款人同意，10万元以下贷款可免担保。（吉政发〔2009〕4号）</p>\r\n<p>七、创业者每年可按规定享受一次创业培训补贴：对创业成功人员，按其吸纳就业人数，由当地政府给予适当的资金补贴；对创业模范给予表彰、奖励。具体办法和标准由当地政府确定。（吉政发〔2009〕4号）</p>\r\n<p>八、对创业者因非主观故意且没有造成危害后果的违规行为，实行&ldquo;首次不处罚&rdquo;预誉制度。（吉政发〔2009〕4号）</p>\r\n<p>九、毕业2年以内的高校毕业生从事个体经营的，除国家限制的行业外，自工商行政管理部门登记注册之日起3年内免交登记类、管理类和证照类行政事业性收费,可按规定享受税收优惠。（吉政发〔2009〕8号）</p>\r\n<p>十、高校毕业生自谋职业或自主创业的，可比照灵活就业困难人员享受不超过3年的社会保险补贴；对参加创业培训的，可按规定给予创业培训补贴。（吉政发〔2009〕8号）</p>\r\n<p>十一、高校毕业生创办的年主营业务收入50万元以下的小企业，3年内免收和暂停各类收费，并按照企业实缴地方税额的一定比例给予补贴,最高补贴额度为2万元。（吉政发〔2009〕8号）</p>\r\n<p>十二、在当地公共就业服务机构登记失业的高校毕业生，自主创业、自谋职业自筹资金不足的，可向人力资源和社会保障部门申请5万元以内小额担保贷款，对合伙经营或组织起来创业的，可适当扩大贷款规模，符合规定的微利项目，可享受贴息扶持。（吉政发〔2009〕8号）</p>\r\n<p>十三、各级政府设立的全民创业发展专项资金要向高校毕业生倾斜，重点用于扶持高校毕业生自主创业、自谋职业,以及对创业成功的高校毕业生给予奖励或补贴。（吉政发〔2009〕8号）</p>\r\n<p>十四、长春、吉林等城市要建立大学生创业园。各级政府出资设立的创业孵化基地要将高校毕业生作为重点创业扶持对象，优先安排高校毕业生进入基地创业，并按规定享受相关税费减免政策。（吉政发〔2009〕8号）</p>\r\n<p>十五、对毕业学年（即从毕业前一年7月1日起的12个月）有创业意愿的高校毕业生进行创业培训。参加创业培训后取得创业培训合格证书，6个月内实现创业的，按1500元的规定标准给予补贴；6个月内没有实现创业的，按规定标准的60％予以补贴。（吉政办发〔2013〕24号）&nbsp;</p>\r\n<p>十六、对进入各级政府主管部门认定的创业孵化园（基地）进行孵化的高校毕业生（含在校大学生）创业实体，在场租费、采暖费、水电费等方面可使用创业带动就业专项资金给予适当补助。（吉政办发〔2013〕24号）&nbsp;</p>\r\n<p>十七、创业孵化园（基地）每孵化毕业（出园）1户大学生创业企业，根据毕业企业规模和带动就业人数情况，对创业孵化园（基地）给予一次性岗位培训资金补助，所需资金从创业带动就业专项资金中支出。（吉政办发〔2013〕24号）&nbsp;</p>\r\n<p>十八、高校毕业生从事个体工商经营的，营业税按期纳税的起征点上调到月营业额20000元，按次纳税的起征点上调到每次（日）营业额500元。（吉政办发〔2013〕24号）</p>\r\n<p>十九、对毕业2年以内符合规定的高校毕业生自主创业，可在创业地申请小额担保贷款；从事微利项目的，可享受最高不超过15万元贷款额度的财政贴息扶持。对高校毕业生创办的小微企业，3年内可比照个体工商户缴纳养老、失业保险费。（吉政办发〔2013〕24号）</p>\r\n<p>二十、将有创业意愿的登记未就业高校毕业生纳入当地创业服务体系，对非本地户籍自主创业高校毕业生给予与本地户籍自主创业高校毕业生同等的政策扶持。（吉政办发〔2013〕24号）</p>\r\n<p>二十一、对有创业意愿离校未就业高校毕业生进行免费创业培训。开展创业大学生名星评选活动，继续组织优秀创业大学生进校园宣讲和大学生走进创业园活动。（吉政办发〔2013〕24号）</p>\r\n<p>二十二、坚持政府引导、市场化运作原则，加快市、县级大学生创业园建设。加强大学生创业园管理和服务，提供政策咨询、项目开发、创业实训、企业帮扶、租金减免、融资贷款、滚动孵化等&ldquo;一条龙&rdquo;创业服务，形成不同层次、不同规模、不同行业、不同形式的覆盖全省的大学生创业园集群，满足大学生创业需要。（吉政办发〔2013〕24号）</p>\r\n<p>二十三、引导创业培训机构积极建立创业培训实训（孵化）基地，开展创业模拟实训，为参加创业培训的高校毕业生提供创业见习、创业实训、咨询指导等服务，帮助创业实训高校毕业生在模拟创业环境下，演练创业过程，积累创业知识、提升创业能力。同时，进一步健全创业指导服务组织，建立创业服务专家队伍，完善创业服务功能，为创业高校毕业生提供创业培训实训服务。（吉人社办字〔2013〕43号）</p>\r\n<p>二十四、2014年至2017年，在全省范围内实施&ldquo;大学生创业引领计划&rdquo;。通过提供创业服务，落实创业扶持政策，提升创业能力，帮助和扶持更多高校毕业生自主创业，逐步提高高校毕业生创业比例。（吉人社办字〔2013〕43号）</p>\r\n<p>二十五、各地、各有关部门要采取措施，确保符合条件的高校毕业生都能得到创业指导、创业培训、工商登记、融资服务、税收优惠、场地扶持等各项服务和政策优惠。（吉人社办字〔2013〕43号）</p>\r\n<p>二十六、留学回国的高校毕业生自主创业，符合条件的，可享受现行高校毕业生创业扶持政策。（吉人社办字〔2013〕43号）</p>\r\n<p>二十七、在电子商务网络平台开办&ldquo;网店&rdquo;的高校毕业生，可享受小额担保贷款和贴息政策。（吉人社办字〔2013〕43号）</p>\r\n<p>二十八、自2014年1月1日至2016年12月31日，对持《就业失业登记证》（注明&ldquo;自主创业税收政策&rdquo;或附着《高校毕业生自主创业证》）的高校毕业生从事个体经营的，在3年内按每户每年9600元为限额依次扣减其当年实际应缴纳的营业税、城市维护建设税、教育费附加、地方教育附加和个人所得税。上述税收优惠政策在2016年12月31日未享受满3年的，可继续享受至3年期满。自2014年1月1日至2016年12月31日，对高校毕业生创办的年应纳税所得额低于10万元（含10万元）的小型微利企业，其所得减按50%计入应纳税所得额，按20%的税率缴纳企业所得税。（吉政办发〔2014〕24号）</p>\r\n<p>二十九、对高校毕业生毕业2年内回户籍所在县（市、区）自主创业（以工商部门注册登记时间为准），正常经营6个月以上，依法纳税并按规定缴纳社会保险费的，给予3000元的一次性创业补贴；所创办企业具有省级以上专利的，给予1万元的一次性创业补贴。（吉政办发〔2014〕24号）</p>\r\n<p>三十、对毕业2年以内符合规定的高校毕业生自主创业，可在创业地按规定申请最高额度不超过 15万元的小额担保贷款扶持，并享受财政贴息，其中超出国家规定额度部分的贷款由当地就业专项资金予以贴息。（吉政办发〔2014〕24号）</p>\r\n<p>三十一、各地、各有关部门要进一步加强高校创业培训机构和创业师资队伍建设，突出抓好毕业学年高校毕业生创业培训工作，并严格落实好财政补贴政策。加强大学生创业园建设，积极推广创业实训模拟平台，广泛开展创业实训和创业孵化，提高大学生动手能力及创业成功率。（吉政办发〔2014〕24号）</p>\r\n<p>三十二、继续推进大学生创业引领计划，进一步抓好创业培训、工商登记、融资服务、税收减免、社会保险等各项优惠政策落实。支持高校建立健全大学生创新创业培训机制，开设创新创业教育课程，并纳入学分管理；鼓励高校设立配备有必要工具和材料的&ldquo;创新屋&rdquo;，培养大学生勇于把&ldquo;想法变成现实&rdquo;的创客精神。（吉政办发〔2015〕31号）</p>\r\n<p>三十三、支持大学生开展创业实践活动，允许在校学生休学创业、微商创业；对符合条件的大学生创办、领办企业项目中的初创企业，按国家和我省有关就业创业政策给予支持；对专门服务于大学生创业的&ldquo;苗圃&rdquo;孵化机构，在认定省级科技企业孵化器时给予倾斜；鼓励高校多渠道筹集资金，为大学生自主创业提供保障。（吉政办发〔2015〕31号）</p>\r\n<p>&nbsp;</p>',5,'2017-04-30 10:15:51','2017-04-30 10:15:51',1,1,1,0),(122,'长春省大学生自主创业扶持政策','<p>根据《长春市人民政府关于进一步做好高校毕业生就业工作的意见》（长府发〔2009〕7号）、《长春市人民政府关于采取积极措施稳定就业局势促进就业创业的实施意见》（长府发〔2009〕14号）及《长春市人民政府办公厅印发关于进一步加强和完善高校毕业生就业创业工作意见（试行）的通知》（长府办发〔2011〕12号）文件，长春市政府为自主创业的高校毕业生提供了多项扶持政策，具体政策内容如下：</p>\r\n<p>一、依托海外学人创业园等各类创业园区以及高新技术企业、工程技术中心和研发中心等，建立大学生创业园区和创业孵化基地，完善大学生以创业带动就业的有关政策，市财政每年安排创业扶持资金，为创业大学生提供创业资金贷款担保。（长府发〔2009〕7号）</p>\r\n<p>二、建立&ldquo;长春市大学生创业服务网站&rdquo;，深入开展&ldquo;创业大篷车进校园&rdquo;、&ldquo;创业知识大讲堂&rdquo;等活动，为高校毕业生创业送项目、送技能、送知识，提供创业培训、项目展示、政策解读、创业经验介绍等全方位创业培训和服务。（长府发〔2009〕7号）</p>\r\n<p>三、毕业2年以内的普通高校毕业生自行组织起来创办企业或从事个体经营的，自其在工商部门首次注册登记之日起，3年内免收行政事业性收费，落实鼓励残疾人就业、下岗失业人员再就业以及中小企业、高新技术企业发展等现行税收优惠政策和创业经营场所安排等扶持政策，并按照企业实缴地方税额的一定比例给予补贴，最高补贴额度为2万元；缴纳社会保险的享受社会保险补贴，社会保险补贴实行先缴后补的办法，企业应缴纳的部分由财政拨付，个人应缴纳的部分由个人承担。（长府发〔2009〕7号）</p>\r\n<p>四、自主创业的高校毕业生自筹创业资金不足的，可申请不超过5万元的小额担保贷款；对于高校毕业生自行组织起来的具有一定规模的创业项目，可以适当扩大贷款规模。从事政府规定微利项目的，可按规定享受贴息扶持。（长府发〔2009〕7号）</p>\r\n<p>五、安排就业创业扶持专项资金。各级财政每年根据实际情况安排一定数额的就业创业专项资金，市财政从相关资金中每年安排不超过1000万元的就业创业专项资金，专门用于：创业项目征集、评估、推介；创业指导、创业辅导、创业经营跟踪扶持；创业促就业网点购置、创业孵化基地建设；创业风险补贴、创业启动补助；创业先进表彰；创业促就业政策宣传、创业典型宣传、创业项目介绍经费；创业融资担保经费；创业服务&ldquo;一条龙&rdquo;工作平台建设等方面的经费。（长府发〔2009〕14号）</p>\r\n<p>六、实施创业项目奖励。各县（市）区、开发区根据需要，面向社会开展创业项目征集活动，对创业成功率高、拉动就业明显的项目提供人，给予2万至10万元奖励；对发展前景好、科技含量高的项目提供人，给予10万至20万元奖励。奖金从全民创业发展专项资金中列支。全民创业发展专项资金向高校毕业生倾斜，重点用于扶持高校毕业生自主创业、自谋职业，对创业成功的高校毕业生给予奖励或补贴。（长府发〔2009〕14号）</p>\r\n<p>七、建立创业孵化基地和购置创业扶持网点。全市建立大学生创业园14个、创业孵化基地（标准厂房）100万平方米、创业扶持网点100个，吸纳失业人员和大学生进入，实现自主创业和带动其他人就业。对孵化效果明显的，经市人力资源和社会保障部门认定后给予适当补贴。（长府发〔2009〕14号）</p>\r\n<p>八、创办企业降低注册准入门槛。根据企业或个体工商户经营要求，允许在名称中冠&ldquo;长春市&rdquo;、&ldquo;长春&rdquo;的字词；创办企业筹备期在1年之内，符合国家法定前置审批条件的，允许正常生产经营，并享受新设立企业相关政策；对合伙及个人独资企业，按有关规定只要符合安全、卫生、环保要求，即允许生产经营；符合条件的人员，允许其以普通合伙的方式，试办承担无限责任的居民服务类、科技服务类企业，核发资金数额为1元、带有&ldquo;公司&rdquo;字样的营业执照；对注册资本在50万元以下的公司制企业，允许注册资本零首付，6个月内到位20%，2年内资金全部到位；对农民举办的有限责任公司，在土地、林地用途不变的情况下，允许以土地承包经营权、林地承包经营权和林地评估作价出资；允许职务类成果作为出资资本，参股企业进行成果转化；对成果完成人，根据转化方式，按有关规定可以获得与之相应的股权、收益或奖励。创业者以&ldquo;中国驰名商标&rdquo;、&ldquo;吉林省著名商标&rdquo;作价出资组建股份公司，不受出资比例限制；科技人员以专业技术、专利技术等无形资产作为自办企业资本金或在与企业合作中作价出资，不受出资比例限制。（长府发〔2009〕14号）</p>\r\n<p>九、为创业者放宽经营场地限制。创业者不能提供经营场所产权证的，可凭房产部门出具使用权证明或银行产权抵押证明办理相关手续；农民创业者以私人住所为经营场所，不能出具产权证明的，可凭村委会出具使用权证明办理相关手续；按有关规定允许创业者将自住房、租借房、临时商业用房等作为创业经营场所。（长府发〔2009〕14号）</p>\r\n<p>十、市、各县（市）区财政要安排一定数量的创业扶持资金，专门用于创业项目征集、评估、推介；创业培训、创业指导、创业经营跟踪扶持；创业促就业网点购置、创业孵化基地建设；创业风险补贴、创业启动补助；创业先进表彰；创业促就业政策宣传、创业典型宣传、创业项目介绍经费；大学生创业资助；创业融资担保经费；创业服务&ldquo;一条龙&rdquo;工作平台建设等方面的经费。</p>\r\n<p>十一、高校毕业生创办企业、社会组织或开展网上创业就业，经审核，由人社部门为高校毕业生发放《长春市大学生创办企业证明》，凭《长春市大学生创办企业证明》、《就业失业登记证》可给予最高额度不超过8万元的小额担保贷款，对合伙经营和组织起来就业的，贷款规模可扩大到200万元；对符合现行政策规定，当年安置高校毕业生达到在职职工总数30%（其中：职工总数100人含100人，安置高校毕业生达15%）以上的创业园区企业，最高贷款额度为400万元；利用小额担保贷款从事微利项目的，由中央财政据实全额贴息，具体申请程序、资金来源、贴息等按照小额担保贷款有关规定执行；对已创业的高校毕业生本人，足额缴纳社会保险费的，经人社部门认定，财政部门审核通过后，可享受不超过3年的社会保险补贴，补贴标准以我市上年最低社会保险缴费标准为基数计算；对达到年创造经济效益500万元、纳税50万元以上、解决就业100人以上的高校毕业生本人及其创业团队核心成员，可以直接参加相关系列高级专业技术职称的评审。（长府办发〔2011〕12号）</p>\r\n<p>十二、高校毕业生在创办企业过程中凭《长春市大学生创办企业证明》、《就业失业登记证》免收各类行政事业性收费。（长府办发〔2011〕12号）</p>\r\n<p>十三、允许高校毕业生租用、使用高校范围内的相应场地作为经营场所（小饭店、小旅店、网吧除外）进行注册登记；对以大学生公寓、居民住宅或商住两用的高层建筑作为创业经营场所，由工商部门按有关规定办理工商登记；高校毕业生成立个人独资企业或合伙企业的，其出资额可自行申报，不受最低出资额限制；对注册资本在50万以下的公司制企业，允许注册资本&ldquo;零首付&rdquo;，6个月内注册资本到位20%，其余部分2年内到位；高校毕业生创办的各类企业，经主管税务部门认定符合国家、省、市减免税条件的，享受相应的减免税政策。（长府办发〔2011〕12号）</p>\r\n<p>十四、对持《就业失业登记证》的高校毕业生从事个体经营（除建筑业、娱乐业以及销售不动产、转让土地使用权、广告业、房屋中介、桑拿、按摩、网吧、氧吧外）的，在3年内按每户每年8000元为限额依次扣减其当年实际应缴纳的营业税、城市维护建设税、教育费附加和个人所得税。纳税人年度应缴纳税款小于上述扣减限额的，以其实际缴纳的税款为限；大于上述扣减限额的，应以上述扣减限额为限。（长府办发〔2011〕12号）</p>\r\n<p>十五、高校毕业生在校接受孵化并在长落地转化的创业项目，经评审，可给予最高15万元的无偿创业资助。创业资助资金由各县（市）区（开发区）财政承担。（长府办发〔2011〕12号）</p>\r\n<p>十六、新办的高校毕业生自主创业企业入驻市级大学生创业园的，两年内由创业园所在县（市）、区（开发区）政府为其提供50平方米以内的免费经营场地；在创业园外租赁房屋用于创业的，补贴标准按最高不超过50平方米的实际房屋租金给予补贴，最高金额每年1万元，最长期限不超过两年；取得国内外专利的，经有关部门认定，可申请专利资助奖励1至5万元，所需资金由市和所在区（开发区）财政各按50%的比例承担。（长府办发〔2011〕12号）</p>\r\n<p>十七、高校毕业生创办的企业3年内可免费参加市人社部门组织的大型人才招聘会、免费在长春人才网及中国长春人力资源网站进行企业形象宣传并发布招聘信息；免费参加市政府（或经市政府批准）在长举办或组织参加的各类展会；对参加本市以外政府（或经政府批准）举办或组织参加的各类展会的企业，由市财政按展位费的50%给予补贴，每家企业每年最多补贴3万元，可连续补贴三年。（长府办发〔2011〕12号）</p>',5,'2017-04-30 10:16:34','2017-04-30 10:16:34',1,1,1,0),(123,'东北师范大学创新创业教育改革实施方案','<p>　为加强学生创新创业教育，提高学生创新创业能力，进一步推动大众创业、万众创新，根据《国务院办公厅关于深化高等学校创新创业教育改革的实施意见》（国办发〔2015〕36号）要求，结合我校实际情况，特制订东北师范大学创新创业教育改革实施方案,努力构建&ldquo;课程建设-竞赛指导-实践训练-专家培训-创新研究-本研联动&rdquo;六位一体的创新创业教育体系。</p>\r\n<p><strong>一、指导思想</strong></p>\r\n<p>学校将坚持创新引领创业、创业带动就业，主动适应经济发展新常态，以推进创新创业教育为主题，以提高人才培养质量为核心，以创新人才培养机制为重点，以完善条件和政策保障为支撑，促进我校创新创业教育体系建设，全面提高我校学生创新创业能力和人才培养质量。</p>\r\n<p><strong>二、主要原则</strong></p>\r\n<p>坚持育人为本，提高培养质量。把深化我校创新创业教育改革作为推进高等教育综合改革的突破口，树立先进的创新创业教育理念，面向全体、分类施教、结合专业、强化实践，促进学生全面发展，提升人力资本素质，努力造就大众创业、万众创新的生力军。</p>\r\n<p>坚持问题导向，补齐培养短板。把解决高校创新创业教育存在的突出问题作为深化我校创新创业教育改革的着力点，融入人才培养体系，丰富课程、创新教法、强化师资、改进帮扶，推进教学、科研、实践紧密结合，突破人才培养薄弱环节，增强学生的创新精神、创业意识和创新创业能力。</p>\r\n<p>坚持协同推进，汇聚培养合力。把完善高校创新创业教育体制机制作为深化我校创新创业教育改革的支撑点，集聚创新创业教育要素与资源，统一领导、齐抓共管、开放合作、全员参与，形成全校关心支持创新创业教育和学生创新创业的良好生态环境。</p>\r\n<p><strong>三、主要任务和措施</strong></p>\r\n<p>（一）完善人才培养质量标准</p>\r\n<ol>\r\n<li>本科生教育</li>\r\n</ol>\r\n<p>根据本科专业类教学质量国家标准中本科创新创业教育目标要求，结合我校&ldquo;为基础教育服务、为社会经济发展服务&rdquo;的办学定位和创新创业教育目标要求，制定学校专业教学质量标准，全面修订本科生培养方案。培养方案的修订遵循&ldquo;尊重的教育、创造的教育&rdquo;理念；贯彻&ldquo;宽口径、厚基础、精专业、多出路&rdquo;的培养思路；指向构建课内学习与课外学习相互配合，理论教学与实践教学有机结合，模块式、多样化、网状多向的课程体系；充分考虑不同类型人才培养的特点和学生的个性化发展需求，贯彻分类培养的基本思路，并在使学生达到专业培养基本规格与要求的同时，充分尊重和促进学生的个性化发展。</p>\r\n<ol start=\"2\">\r\n<li>研究生教育</li>\r\n</ol>\r\n<p>根据《博士、硕士学位基本要求》和《教育部 国家发展改革委财政部关于深化研究生教育改革的意见》有关精神，结合学校办学定位和研究生教育实际，进一步明确人才培养目标，全面修订培养方案。从知识结构、能力结构、综合素养等方面对研究生提出明确要求，细化人才质量标准。贯彻&ldquo;分类培养&rdquo;指导思想，逐步改变学术学位和专业学位研究生混合培养的局面。统筹构建质量保障体系，全面提高研究生创新能力和创业能力。</p>\r\n<p>（二）创新人才培养机制</p>\r\n<p>1.本科生教育</p>\r\n<p>（1）实施高校毕业生就业和重点产业人才供需年度报告制度。进一步完善《东北师范大学毕业生就业质量年度报告》，从更多维度对毕业生就业质量进行分析与公布，完善学科专业预警、退出管理办法，探索建立需求导向的学科专业结构和创业就业导向的人才培养类型结构调整新机制，促进人才培养与经济社会发展、创业就业需求紧密对接。</p>\r\n<p>（2）深入实施卓越教师培养计划。师范专业以培养卓越教师为目标，实施学科与教育、理论与实践有机融合的教育。改革教师教育课程设置，完善教师教育课程体系。建立健全基础实践+应用实践的实践教学体系，完善U-G-S模式，进一步促进理论与实践的有机融合，切实提高师范生的教育实践能力。加强毕业论文实践环节，促进毕业论文与实习实践的有机结合。</p>\r\n<p>（3）继续开展基础学科创新拔尖人才培养基地班建设。在本科教学基础扎实，学科发展实力较强的学院开设创新拔尖人才培养基地班,安排学术水平高、教学效果好且具有高级职称的教师为基地班学生授课，并为基地班学生配备学习指导教师；践行尊重的教育理念，建立优秀人才成长和培样新机制，夯实优秀学生专业基础，为优秀学生成长与发展创设有利成长环境和学术研究氛围，培养学生创新能力。</p>\r\n<p>（4）培养多学科融合人才。打通一级学科下相近学科专业的基础课程，开设跨学科专业的交叉课程，建立跨院系、跨学科、跨专业交叉培养创新创业人才的新机制，开设跨院系大类平台课程，促进人才培养由学科专业单一型向多学科融合型转变。</p>\r\n<p>2.研究生教育</p>\r\n<p>（1）继续实施研究生创新人才培育计划。深化&ldquo;博士生拔尖创新人才支持计划、研究生国际学术会议资助项目、研究生学术沙龙支持计划&rdquo;等系列有助于提升研究生创新能力的计划项目，全面提高学术学位研究生创新能力。</p>\r\n<p>（2）建立专业学位研究生协同培养机制。专业学位研究生培养密切与企业、行业的合作，逐步建立&ldquo;目标一致、责任分担、利益共享、合作发展&rdquo;的协同培养机制。启动教育硕士专业学位 &ldquo;卓越教师培养计划&rdquo;，深化教育硕士综合改革试点工作，有步骤、分阶段推进其他学科专业教育硕士改革。</p>\r\n<p>（3）实施&ldquo;交叉学科推免研究生&rdquo;专项计划，促进学科交叉融合，从学科交叉角度培养创新人才。</p>\r\n<p>（4）开设学科基础课程。每个一级学科开设不少于3门的学科基础课程，拓宽和夯实学生学科基础；在一级学科层面开设研究方法类课程，强化研究方法训练，提升方法意识。</p>\r\n<p>（三）健全创新创业教育课程体系</p>\r\n<p>1.本科生教育</p>\r\n<p>（1）课程体系建设</p>\r\n<p>根据《关于深化高等学校创新创业教育改革的实施意见》（国办发[2015]36号），结合学校人才培养定位和创新创业教育目标的要求，坚持&ldquo;面向全体、分类施教&rdquo;的创新创业教育课程体系，即从整体上进行顶层设计，又分层次、分阶段、分群体具体推进。整体包括四个层面的课程教育体系架构：</p>\r\n<p>一是&ldquo;通识型&rdquo;创新创业启蒙教育课程。面向全体在校学生，以创新创业知识讲授为基础，以锻炼创新创业能力为关键，以培养创新创业精神为核心。激发学生的创新创业意识，提高学生的社会责任感、创新精神和创业能力。将课堂教学与实践教育相结合，开设大学生边干边学、做学结合、以学促做的&ldquo;实践导向&rdquo;教育课程。</p>\r\n<p>二是&ldquo;嵌入型&rdquo;创新创业整合教育课程。针对不同专业的学生，根据不同学科特点，引导学生根据专业特长进行创业。通过将创业教育的理念和思想&ldquo;嵌入&rdquo;各个学科专业，开发多样化的学科创业课程，从而实现创业教育与专业教育的&ldquo;捆携式发展&rdquo;，实现面向全体学生开展创业教育的&ldquo;全覆盖&rdquo;和&ldquo;个性化&rdquo;目标。</p>\r\n<p>三是&ldquo;专业型&rdquo;创新创业管理教育课程。以不同专业有创业意向的学生为授课对象，开展&ldquo;创业企业管理&rdquo;的知识与技能教育。通过系统的创新创业教育，使学生掌握创办和管理中小企业的知识和技能，提高学生创业的实战技能。通过组建&ldquo;创业实验班&rdquo;，严格筛选班级成员，创设良好的学习条件，配备专业的师资队伍，开设系统的专业课程。</p>\r\n<p>四是&ldquo;职业型&rdquo;创新创业继续教育课程。重点针对选择创业的毕业生，提供&ldquo;继续教育和援助&rdquo;。通过对初期创业者的支持和援助，协助新创企业顺利渡过企业初创期，快速走向正轨。鼓励学生将创业活动与科研成果相结合，推动科研成果与市场需求有效对接，鼓励和支持大学生科技创新型创业活动。实行&ldquo;创业导师制&rdquo;，邀请创业成功者担任大学生的&ldquo;创业导师&rdquo;，在创业前和创业初期提供必要的创业指导和咨询服务。</p>\r\n<p>（2）创新创业课程管理</p>\r\n<p>面向全体学生开发开设研究方法、学科前沿、创业基础、就业创业指导等方面的必修课和选修课，纳入学分管理。</p>\r\n<p>（3）课程信息化建设</p>\r\n<p>加快创新创业教育优质课程信息化建设，到2020年，推出一批资源共享的慕课、视频公开课等在线开放课程，并建立在线开放课程学习认证和学分认定制度。</p>\r\n<p>（4）教材开发</p>\r\n<p>组织学科带头人、行业企业优秀人才，联合编写具有科学性、先进性、适用性的创新创业教育重点教材。</p>\r\n<p>2.研究生教育</p>\r\n<p>（1）优化课程结构与内容。学术学位研究生课程突出深厚性、宽广性和综合性，加大学科基础课程门数与学分，拓宽和夯实学生学科基础，为进一步深入学习打下坚实基础；专业学位研究生课程以提升实践能力为导向，以职业需求为目标，以知识、能力、综合素养提高为核心设置课程，突出案例在课程中的作用和地位。</p>\r\n<p>（2）举办成功企业家创业报告、创业指导与培训等活动，营造创新创业氛围，为有意愿有潜质的研究生创业提供帮助。</p>\r\n<p>（3）开设专业实务课程。为促进专业教育与创新创业教育有机融合，学校要求每个专业学位类别（领域）在课程设置中开设与企业、行业紧密相关的专业技术课程和专业实务课程，如《金融分析软件实训》、《模拟法庭训练》、《创业管理》、《公司治理》等，主讲教师均来自企业、行业的优秀人才。</p>\r\n<p>（4）增设创新创业教育选修课程，计入课程学分。</p>\r\n<p>（四）改革教学方法和考核方式</p>\r\n<ol>\r\n<li>本科生教育</li>\r\n</ol>\r\n<p>（1）推进学业考核与评价方式改革。加强能力评价，在坚持对学生基础知识、基本理论和基本技能考核的同时，注重对学生发现、分析、解决问题能力和实践能力的考核；完善过程考核方式，加大平时课堂考核、作业考核、综合实践项目等学习过程考核的比重；严格考试管理和成绩评定，严肃考风考纪，执行学业预警制度。</p>\r\n<p>（2）推动教学方式变革。推动启发式、探究式、讨论式、参与式教学等教学方法改革，促进学生主动学习和独立思考。充分利用研究生助教，开展&ldquo;大班授课、小组讨论&rdquo;的教学方法改革。根据课程特点和教学资源实际，逐步、适当缩小课堂规模，提高小班化教学比例。大力推进网络辅助教学平台建设与利用，变革课堂教学模式，拓展师生交互空间，促进学生自主、合作和探究式学习。</p>\r\n<p>2.研究生教育</p>\r\n<p>（1）优化教学方式，学术学位研究生课程教学以讨论式、启发式教学为主，注重研究生自主学习能力、研究能力培养；专业学位研究生课程教学以案例教学为主，注重理论与实践结合，突出实践能力培养。加强优秀、典型课程教学形式宣传，对有特点的、效果显著的教学形式进行公开展示，引导和带动教师探索研究生课程教学新形式。</p>\r\n<p>（2）创新考核方式，严格课程考核。注重过程性考核，将学生的课堂表现、平时作业、实践训练纳入考核，改变以往仅以课程论文作为唯一评价的现象。在部分学科专业试点教考分离，建立题库等形式，强化对研究生课程学习的考核。</p>\r\n<p>（3）启动校外高水平学者讲授研究生课程支持计划项目，将校外知名大学先进的授课形式、评价方式引入学校课堂，引导教师转变教学方式和评价方式，提升课程教学质量。</p>\r\n<p>（五）强化创新创业实践</p>\r\n<p>1.改革本科实验教学与考核方式，加强创新创业人才培养。本科实验教学将探索创新创业教育理念和内容融入专业教学主渠道，贯穿人才培养全过程。提升创新教育教学方法，倡导启发式、探究式、讨论式、参与式教学。本科实验教学改革，重点是本科实验教学大纲改革，通过实验项目改革体现创新创业理念，强化大学生创新创业能力训练，培养符合社会需要的高层次人才。加强综合性、创新性实验科目设计和应用，支持学生开展研究性学习、创新性实验、创业计划和创业模拟活动。改革本科实验考试方法，注重学习过程考查和学生能力评价，培养学生对创新创业的兴趣、爱好和思辨能力。加强实验教学，增强动手能力。实验教学是培养学生动手能力和解决实际问题能力的关键。学校将根据形势需要和经费情况开展综合性实验和设计性实验，同时加强本科实验室开放，让学生有效利用课余时间提升创新创业能力。</p>\r\n<p>2.改善本科实验教学条件，加大硬件设施投入，完善本科实验平台建设,为提高学生创新创业能力提供优质环境。创新教育的实施离不开学校大环境的支持，构建创业教育平台和网络，营造良好的校园文化氛围对学生创新创业能力的培养十分重要。我校目前具有国家级教学示范中心4个，省级实验教学示范中心（含在建）10个，校级实验教学示范中心4个，学校将以这18个教学示范中心为依托，加大实验平台建设，为学生实际动手操作训练提供实践平台。</p>\r\n<p>3.建立虚拟仿真实验室。随着多媒体技术和网络技术的发展，网络教学逐渐成为正常教学的补充。实验教学也需要引入现代信息技术，打破传统实验教学模式，使实验教学多样化。目前我校已获批国家虚拟仿真实验中心1个，即生物学虚拟仿真实验教学中心,正在培育国家虚拟仿真实验中心2个，通过建立虚拟实验教学系统，可以使学生在不计实验成本、不受时间和空间的限制等诸多因素的条件下，开展实际情况下无法完成的实验，进而提高学生创新创业实践能力。</p>\r\n<p>4.打造校内创新创业实践基地。2011年，我校建成吉林省首批省级大学生创业园，目前，园区已有效运行四年。结合实践经验和现实需要，我们将继续完善创业园的园区建设，提升服务能力。硬件方面，进一步扩建创业园区，细化功能区分块，加强专业化办公环境的建设。软件方面，更新并升级专家顾问团资源库，增加培训导师和实训导师数量，实现管理服务学生自治化。加强对创业园区的管理，出台《东北师范大学大学生创业扶持办法》、《东北师范大学大学生创业园管理规章制度》等政策文件。</p>\r\n<ol start=\"5\">\r\n<li>拓展校外创业实践育人基地。整合校外企业资源，计划在三年内实现&ldquo;三五计划&rdquo;，即对接专业搭建五家实践教育基地、五家创业示范基地、五家科技创业实习基地。打通学校、企业人才输送通道，确保创新创业项目由筹备计划到落地实践的无缝衔接。</li>\r\n</ol>\r\n<p>6.继续推进并完善创新创业竞赛体系。以&ldquo;评委层次高、奖励额度大、项目孵化快&rdquo;为目标，结合实际情况及专业特色，开展一系列校级创业计划、千元实践创业大赛、巅峰营销大赛等赛事。</p>\r\n<p>7.深化推广&ldquo;国家大学生创新创业训练计划&rdquo;项目。第一，进一步加大支持力度，每年递增20%项目经费。第二，理论指导与实践指导相结合，打造专业、严谨的理论导师团队，实施校企创业项目合作，邀请企业导师组成实践导师团队。继续提高项目质量，推动创新创业成果转化。</p>\r\n<p>8.开设东师创新创业大讲堂。包括两方面内容，一是专业知识普及，邀请大学生就业指导中心创业经验导师开设相关课程。二是前沿寻思，每年邀请4名国内知名优秀企业家，与学生交流互动，讲授创业成功经验。</p>\r\n<p>9.培育和树立创业实践典型。开展&ldquo;十大创业先锋&rdquo;评选活动，在实践创业的校友和创新创业团队的在校生中，着力选拔、培育和打造一批具有典型性的创业实践先锋，推广创业经验，分享创业感受，鼓励具有创业意愿的学生付诸实践。</p>\r\n<p>（六）改革教学和学籍管理制度</p>\r\n<p>1.本科生教育</p>\r\n<p>设置合理的创新创业学分，建立创新创业学分积累与转换制度，探索将学生开展创新实验、发表论文、获得专利和自主创业等情况折算为学分，将学生参与课题研究、项目实验等活动认定为课堂学习。为有意愿有潜质的学生制定创新创业能力培养计划，建立创新创业档案和成绩单，客观记录并量化评价学生开展创新创业活动情况。优先支持参与创新创业的学生转入相关专业学习。实施弹性学制，放宽学生修业年限，允许调整学业进程、保留学籍休学创新创业。设立创新创业奖学金，并在现有相关评优评先项目中拿出一定比例用于表彰优秀创新创业的学生。</p>\r\n<p>2.研究生教育</p>\r\n<p>允许研究生休学创业，设立研究生创新创业奖学金。允许研究生在最长修业年限内保留学籍休学创业；设立研究生创新创业奖学金，重点奖励在科学研究中勇于创新、并获得重大科研成绩的学术学位研究生，和在职业发展中敢于自主创业、并取得一定成就的专业学位研究生。</p>\r\n<p>（七）加强教师创新创业教育教学能力建设</p>\r\n<p>明确全体教师创新创业教育责任，完善专业技术职务评聘和绩效考核标准，加强创新创业教育的考核评价。配齐配强创新创业教育与创业就业指导专职教师队伍，并建立定期考核、淘汰制度。聘请知名科学家、创业成功者、企业家、风险投资人等各行各业优秀人才，担任专业课、创新创业课授课或指导教师，并制定兼职教师管理规范。将提高高校教师创新创业教育的意识和能力作为岗前培训、课程轮训、骨干研修的重要内容，建立相关专业教师、创新创业教育专职教师到行业企业挂职锻炼制度。加快完善高校科技成果处置和收益分配机制，支持教师以对外转让、合作转化、作价入股、自主创业等形式将科技成果产业化，并鼓励带领学生创新创业。</p>\r\n<p>学校组建创新创业团队。一方面，依托大学生创业中心，推进广谱式的创新创业教育和体验。另一方面，通过竞赛选拔的方式，努力挖掘培育一批具有代表性的创新创业团队，发挥朋辈导师力量，营造创新创业氛围。</p>\r\n<p>（八）改进学生创业指导服务</p>\r\n<p>1.成立创新创业教育学院</p>\r\n<p>成立创新创业教育研究院，从机构建设、人员配备、场地设置、经费使用等方面，为大学生创业提供保障。在机构建设方面，以现有就业创业教育研究院为依托，建设学生创业指导服务专门机构&mdash;&mdash;创新创业教育学院，为大学生提供全方位的创业指导服务平台。在人员配备方面，采取&ldquo;专职与兼职&rdquo;相结合的方式，坚持&ldquo;请进来、走出去&rdquo;的基本建设思路，打造一支&ldquo;能讲课、能咨询、能实战&rdquo;的&ldquo;三师型&rdquo;创业指导专家队伍。在场地设置方面，投资200万元在净月校区建设400平方米的创业实践基地和创业指导教室，探索建设符合大学生发展需要的&ldquo;东北师范大学创客空间&rdquo;。在经费使用方面，除建设场地的资金外，学校每年设置学生创业指导服务专项资金200万元，用于为学生提供创业启动资金、场地服务设施维护、水电煤气等费用支出、学生培训、公司注册等方面的服务，确保学生创业指导服务的可持续进行。</p>\r\n<p>2.加强创新信息化服务建设</p>\r\n<p>开通创业指导与咨询服务网站，为大学生提供查询创业政策、了解创业实务、提升创业技能、寻找创业项目、结交创业伙伴等立体化服务。大学生登录网站，可以观看资深创业导师的授课视频，同步下载课程学习课件，进行创业知识的学习，提升创业能力。点击&ldquo;创业政策大讲堂&rdquo;，可以分省份、按时间搜索，即时观看到全国和省市最新的有关创业方面的政策；进入&ldquo;市场动向专栏&rdquo;，能够查阅全国各地的市场信息，起到为学生创业提供准确方向标的积极作用，提升大学生创业成功率。此外，创业服务网站设置专家在线咨询窗口，在正常工作日时间，创业大学生可以随时与学校的创业导师进行在线提问和答疑，为大学生提供全程的贴心创业服务与指导。开创东师创业网络课堂。依托校园网络平台，定期在网上开设创业课程。同时，将创业计划大赛、千元创业大赛、创业大讲堂等创业特色活动的影像资料上传至网络平台，供学生借鉴学习。建设&ldquo;创业&lsquo;微&rsquo;时代&rdquo;微信公众平台。搭建创业微平台，利用微信公众平台定期推送创业信息，在线解答学生疑问，提升工作实效性。</p>\r\n<p>3.开展创新创业教育系列培训</p>\r\n<p>创业教育系列培训主要面向两个群体进行开展。一是，面向学校有创业意向的学生。学校自主研发&ldquo;创业精英培训课程&rdquo;，以&ldquo;互联网+&rdquo;为契机，以&ldquo;电子商务创业&rdquo;为主要项目开展培训，引导学生在创业项目的实施过程中学习，&ldquo;从问题中学习&rdquo;&ldquo;从实践中学习&rdquo;&ldquo;从伙伴中学习&rdquo;，有效提升创业指导培训的针对性与实效性。二是，面向吉林省各高校开展境外创业指导师资培训。组建由政府机关就业创业政策的制定与实施者、创业与创业教育理论研究专家、就业创业培训讲师、高校创业指导一线教师构成的专项教学团队，与香港中文大学等境外知名高校合作，培育高校创业教育高质量师资队伍。</p>\r\n<p>（九）完善创新创业资金支持和政策保障体系</p>\r\n<p>1.健全体制机制</p>\r\n<p>为了从整体上保证学校创新创业教育工作体制机制顺畅，减少工作阻力，学校成立创新创业教育工作领导小组，学校校长任组长，分管副校长任副组长，由教务处、研究生院、学生就业指导服务中心、学生处、团委等部门齐抓共管，积极协调学校人事、社科、科技、宣传、资产等多个部门的优势资源，健全创新创业教育工作机制。</p>\r\n<p>2.经费保障</p>\r\n<p>为促进学生创业项目尽快实现成果转化，学校每年拿出40万元专项资金用于创业项目孵化。同时，学校根据相关财务制度，先后出台了《东北师范大学创业计划大赛创业基金管理章程》《东北师范大学创业计划大赛奖励资金使用办法》，确保专项资金的每一分钱都&ldquo;花得规范、花出效益&rdquo;。</p>\r\n<p>3.软硬件环境保障</p>\r\n<p>学校从2014年开始扩建了包括培训室、资讯室、服务中心、会议中心等60多间办公用房，为创新创业实践育人工作提供了良好的硬件基础。为了加强对创业园区的管理，学校先后出台了《东北师范大学大学生创业扶持办法》《东北师范大学大学生创业园管理规章制度》等一系列配套政策性文件。</p>\r\n<p>4.师资保障</p>\r\n<p>学校组建了一支专兼结合、融学院党委副书记、团书记、专职辅导员、思想政治理论课教师在内的管理团队、服务人员以及专家顾问团，为培养和储备创新创业培训和实际操作方面的人才，在校园内外营造了积极的创业文化奠定了队伍基础。学校与吉林省政府通力合作，积极推进高校创业教育教师培训专项工程。该工程每年组织创业教育管理者、指导教师与香港中文大学联合开展赴港培训。</p>\r\n<p>5.创新创业教育的研究</p>\r\n<p>学校鼓励、支持基于证据创新创业教育研究，期望通过研究，反思效果，总结经验，进一步优化学校创新创业教育的开展形式，形成创新创业教育实施的新思路、新方法与新成果。学校专门成立了就业创业教育研究院。研究院汇聚了理论名家与一线专家相结合、校内校外相结合、专职兼职相结合的高水平教学、科研团队。</p>\r\n<p>&nbsp;</p>',5,'2017-04-30 10:20:50','2017-04-30 10:20:50',1,1,1,0),(124,'注册公司的具体步骤与相关要求','<p><strong>一、具体步骤</strong></p>\r\n<p><strong>第一步：企业名称预先登记</strong></p>\r\n<p>&nbsp;&nbsp;&nbsp;持股东（投资人）资格证明领取《名称（变更）预先核准申请书》、《投资人授权委托意见》&rarr;填表（按公司命名要求一次可以最多起9个名称备查）&rarr; 交表&rarr; 领取《企业名称预先核准通知书》</p>\r\n<p><strong>第二步：企业设立登记</strong></p>\r\n<p>出示《企业名称预先核准通知书》&rarr;领取《企业设立登记申请书》；同时领取《企业设立登记申请书》等有关表格</p>\r\n<p><strong>第三步：前置审批</strong></p>\r\n<p>　　持股东（投资人）资格证明领取《名称（变更）预先核准申请书》、《投资人授权委托意见》&rarr;填表（按公司命名要求一次可以最多起9个名称备查）&rarr; 交表&rarr; 领取《企业名称预先核准通知书》</p>\r\n<p><strong>第四步：交存企业注册资金</strong></p>\r\n<p>　　股东之一本人当面出示所有股东的身份证原件&rarr;填写入资单&rarr;存入注册资金&rarr;领取入资原始进帐单</p>\r\n<p><strong>第五步：办理法定验资手续</strong></p>\r\n<p>收费标准：注册资金30万元（含）以上，按注册资金的2&permil;收取；30万元以下收费600元。提供材料：根据各申办企业情况不同，提供材料的要求也不同获工商注册的审批、领取营业执照。</p>\r\n<p>　　填写并提交《企业设立登记申请书》等材料&rarr;领取《准予设立（变更、注销、撤销）登记（备案）通知书》&rarr;5个工作日后持《准予设立（变更、注销、撤销）登记（备案）通知书》&rarr;交费&rarr;领取营业执照正副本</p>\r\n<p><strong>第六步：企业印章备案及刻制</strong></p>\r\n<p>　　携带营业执照副本到公安分局窗口备案&rarr;公安分局在营业执照副本上印核准章&rarr;在指定的刻字社刻制公章、财务章、合同章、人名章等印鉴，收费标准：公安分局备案免费，刻章费：（此为行业规范价格，仅供参考）共计365元（其中财务章180、公章70元/枚、合同章70元/枚、人名章45元/枚）</p>\r\n<p><strong>第七步：企业法人代码登记</strong></p>\r\n<p>　　领表&rarr;填表&rarr;提交单位公章等资料&rarr;交费&rarr;（办理时限过后）领取组织机构代码证书。</p>\r\n<p><strong>第八步：税务登记</strong></p>\r\n<p>　　企业法人营业执照副本复印件一份或其它主管机关核发的许可证照复印件一份；法定代表人或负责人的身份证复印件一份（外籍人员为护照复印件一份）；企业<a href=\"http://chuangye.yjbys.com/zhidao/banshuizhinan/\"><u>办税</u></a>人员身份证复印件一份；企业组织机构统一代码证复印件一份；提供企业银行开户许可证复印件一份；办理新办税务登记的纳税人还要提供营业执照所在地的街道和乡街的名称。</p>\r\n<p><strong>第九步：开设银行账号</strong></p>\r\n<p>　　提供材料：请根据各入资银行的具体要求为准。</p>\r\n<p><strong>第十步：开转资证明和划转资金</strong></p>\r\n<p>　　提供材料：工商局开具的转资证明（出具《营业执照》正本或副本原件、《开户许可证》原件、《交存入资资金凭证》的企业留存联、经办人身份证原件方可领取转资证明）；股东之一（原办理入资的股东亲自来办）本人持身份证原件及复印件办理转资。</p>\r\n<p><strong>第十一步：社会保险登记</strong></p>\r\n<p>提供营业执照副本原件及复印件，并提供法人代码证书原件及复印件。</p>\r\n<p><strong>二、相关要求</strong></p>\r\n<ol>\r\n<li>各省、自治区、直辖市工商行政管理局上缴国家工商行政管理局的企业法人登记费比例为20%，外商投资企业等的登记费比例为40%（青海省、宁夏回族自治区企业登记费暂不上缴）。</li>\r\n<li>市、县（区）工商行政管理局逐级上缴的企业登记费比例，由本省、自治区、直辖市工商行政管理局商同级财政部门拟定，报国家工商行政管理局同意后实行。</li>\r\n</ol>',7,'2017-04-30 10:21:26','2017-04-30 10:21:26',1,1,1,0),(125,'申请专利具体步骤','<p><strong>第一步：</strong></p>\r\n<p>准备申请文件，包括请求书、说明书、权利要求书、说明书附图、说明书。外观设计类的专利要有请求书、图片或照片、简要说明。可去国家专利局服务点索取相应的表格。申请文件的格式要注意以下几项：</p>\r\n<p>1．用黑色笔迹填写，要求字迹清楚，无涂改；</p>\r\n<p>2．使用中文简体字；</p>\r\n<p>3．表格表单使用，不能分栏写；</p>\r\n<p>4．实用标准表格、A4纸，一式两份；</p>\r\n<p>5．附图需用黑色墨水盒绘图工具制作；</p>\r\n<p>6．按顺序编写页码。可去官方网站下载写作范文。</p>\r\n<p><strong>第二步：</strong></p>\r\n<p>提交材料，可以选择两种方式提交材料：</p>\r\n<p>1．直接去专利局大厅或地方的专利代办窗口交；</p>\r\n<p>2．通过邮寄的方式交，但是只能使用使用EMS，快递、平信都不要用。</p>\r\n<p><strong>第三步：</strong></p>\r\n<p>&nbsp;&nbsp;&nbsp;&nbsp;接受国家专利局下发的受理通知书，通知书发放意味着专利的申请正式进入审批流程。</p>\r\n<p><strong>第四步：</strong></p>\r\n<p>&nbsp;&nbsp;&nbsp;&nbsp;缴纳申请费，除直接去专利局收费处、专利局代办处缴费外，还可通过银行或者邮局汇款缴纳申请费，在缴纳费用时，应注意写申请号，并要求银行或邮局的工作人员录入专利申请号、名称、地址、邮编等。但是不应直接邮寄现金给专利局，没人会收。注意要在接到受理通知书之日起15个工作日内缴费。</p>\r\n<p><strong>第五步：</strong></p>\r\n<p>专利局对申请审查,首先初步审查，对于除了发明之外的专利申请，只要初审合格，则可授权专利，不合格的修改重新提交。对于发明专利，则需要先初步审查，合格之后，还要进行实质审查，只有在实质审查之后，才能获取专利。对于实质审查，有的可立即进行，有的则需18天之后才能进行。</p>\r\n<p><strong>第六步：</strong></p>\r\n<p>领取专利证书。</p>',6,'2017-04-30 10:22:01','2017-04-30 10:22:01',1,16,1,0),(126,'学院创新创业管理制度汇编','',5,'2017-04-30 10:37:06','2017-04-30 10:37:06',1,1,1,0),(127,'学校创新创业管理制度汇编','',5,'2017-04-30 10:37:33','2017-04-30 10:37:33',1,2,1,0);

/*Table structure for table `t_file` */

DROP TABLE IF EXISTS `t_file`;

CREATE TABLE `t_file` (
  `id` int(30) NOT NULL AUTO_INCREMENT COMMENT '文件id',
  `name` varchar(1000) NOT NULL COMMENT '文件名称',
  `article_id` int(30) NOT NULL COMMENT '文章id',
  `path` varchar(1000) DEFAULT NULL COMMENT '文件路径',
  `type` varchar(500) NOT NULL COMMENT '文件类型',
  `size` bigint(30) NOT NULL COMMENT '文件大小 单位：byte',
  `user_id` int(30) NOT NULL COMMENT '上传者',
  `download_num` int(30) NOT NULL DEFAULT '0' COMMENT '下载次数',
  `created_time` timestamp NOT NULL DEFAULT CURRENT_TIMESTAMP COMMENT '创建时间',
  `last_modified_time` timestamp NOT NULL DEFAULT CURRENT_TIMESTAMP COMMENT '最近修改时间',
  PRIMARY KEY (`id`)
) ENGINE=InnoDB AUTO_INCREMENT=55 DEFAULT CHARSET=utf8;

/*Data for the table `t_file` */

insert  into `t_file`(`id`,`name`,`article_id`,`path`,`type`,`size`,`user_id`,`download_num`,`created_time`,`last_modified_time`) values (31,'2017年东北师范大学XX学院（部）学生“国创”项目联络员回执.doc',112,'D:\\workspace\\innovation-website\\target\\innovation-web-1.0-SNAPSHOT\\2017年东北师范大学XX学院（部）学生“国创”项目联络员回执.doc','application/msword',30208,1,0,'2017-04-29 23:26:11','2017-04-29 23:26:11'),(32,'东北师范大学2017年大国家级大学生创新创业训练计划项目信息汇总.xlsx',112,'D:\\workspace\\innovation-website\\target\\innovation-web-1.0-SNAPSHOT\\东北师范大学2017年大国家级大学生创新创业训练计划项目信息汇总.xlsx','application/vnd.openxmlformats-officedocument.spreadsheetml.sheet',11160,1,0,'2017-04-29 23:26:11','2017-04-29 23:26:11'),(33,'东北师范大学2017年大学生创新训练项目申请书.doc',112,'D:\\workspace\\innovation-website\\target\\innovation-web-1.0-SNAPSHOT\\东北师范大学2017年大学生创新训练项目申请书.doc','application/msword',55808,1,0,'2017-04-29 23:26:11','2017-04-29 23:26:11'),(34,'东北师范大学2017年大学生创业实践项目申请书.doc',112,'D:\\workspace\\innovation-website\\target\\innovation-web-1.0-SNAPSHOT\\东北师范大学2017年大学生创业实践项目申请书.doc','application/msword',68096,1,0,'2017-04-29 23:26:11','2017-04-29 23:26:11'),(35,'东北师范大学2017年大学生创业训练项目申请书.doc',112,'D:\\workspace\\innovation-website\\target\\innovation-web-1.0-SNAPSHOT\\东北师范大学2017年大学生创业训练项目申请书.doc','application/msword',66048,1,0,'2017-04-29 23:26:11','2017-04-29 23:26:11'),(36,'2017年度“中央高校基本科研业务专项资金”本科生项目立项申请书.doc',113,'D:\\workspace\\innovation-website\\target\\innovation-web-1.0-SNAPSHOT\\2017年度“中央高校基本科研业务专项资金”本科生项目立项申请书.doc','application/msword',63488,1,0,'2017-04-29 23:46:43','2017-04-29 23:46:43'),(37,'2017年度“中央高校基本科研业务专项资金”本科生项目指南.docx',113,'D:\\workspace\\innovation-website\\target\\innovation-web-1.0-SNAPSHOT\\2017年度“中央高校基本科研业务专项资金”本科生项目指南.docx','application/vnd.openxmlformats-officedocument.wordprocessingml.document',19482,1,0,'2017-04-29 23:46:43','2017-04-29 23:46:43'),(38,'第十四届“挑战杯”全国大学生课外学术科技作品竞赛获奖作品名单.pdf',113,'D:\\workspace\\innovation-website\\target\\innovation-web-1.0-SNAPSHOT\\第十四届“挑战杯”全国大学生课外学术科技作品竞赛获奖作品名单.pdf','application/pdf',12474224,1,0,'2017-04-29 23:46:43','2017-04-29 23:46:43'),(39,'2017年度“中央高校基本科研业务专项资金”本科生项目立项申请书.doc',114,'D:\\workspace\\innovation-website\\target\\innovation-web-1.0-SNAPSHOT\\2017年度“中央高校基本科研业务专项资金”本科生项目立项申请书.doc','application/msword',63488,1,0,'2017-04-29 23:47:36','2017-04-29 23:47:36'),(40,'2017年度“中央高校基本科研业务专项资金”本科生项目指南.docx',114,'D:\\workspace\\innovation-website\\target\\innovation-web-1.0-SNAPSHOT\\2017年度“中央高校基本科研业务专项资金”本科生项目指南.docx','application/vnd.openxmlformats-officedocument.wordprocessingml.document',19482,1,0,'2017-04-29 23:47:36','2017-04-29 23:47:36'),(41,'第十四届“挑战杯”全国大学生课外学术科技作品竞赛获奖作品名单.pdf',114,'D:\\workspace\\innovation-website\\target\\innovation-web-1.0-SNAPSHOT\\第十四届“挑战杯”全国大学生课外学术科技作品竞赛获奖作品名单.pdf','application/pdf',12474224,1,0,'2017-04-29 23:47:36','2017-04-29 23:47:36'),(42,'东北师范大学“互联网+”大学生创新创业大赛暨第五届创业计划大赛报名表.doc',115,'D:\\workspace\\innovation-website\\target\\innovation-web-1.0-SNAPSHOT\\东北师范大学“互联网+”大学生创新创业大赛暨第五届创业计划大赛报名表.doc','application/msword',33280,1,0,'2017-04-30 09:47:26','2017-04-30 09:47:26'),(43,'关于举办第三届吉林省“互联网+”大学生创新创业大赛的通知.pdf',115,'D:\\workspace\\innovation-website\\target\\innovation-web-1.0-SNAPSHOT\\关于举办第三届吉林省“互联网+”大学生创新创业大赛的通知.pdf','application/pdf',2712761,1,0,'2017-04-30 09:47:26','2017-04-30 09:47:26'),(44,'教育部关于举办第三届中国“互联网＋”大学生创业创业大赛的通知.pdf',115,'D:\\workspace\\innovation-website\\target\\innovation-web-1.0-SNAPSHOT\\教育部关于举办第三届中国“互联网＋”大学生创业创业大赛的通知.pdf','application/pdf',350762,1,0,'2017-04-30 09:47:26','2017-04-30 09:47:26'),(45,'第十五届挑战杯通知.pdf',116,'D:\\workspace\\innovation-website\\target\\innovation-web-1.0-SNAPSHOT\\第十五届挑战杯通知.pdf','application/pdf',1211626,1,0,'2017-04-30 09:48:14','2017-04-30 09:48:14'),(46,'第六届“家曦杯”课外学术科技作品竞赛XX学院（部）项目联络员回执.docx',119,'D:\\workspace\\innovation-website\\target\\innovation-web-1.0-SNAPSHOT\\第六届“家曦杯”课外学术科技作品竞赛XX学院（部）项目联络员回执.docx','application/vnd.openxmlformats-officedocument.wordprocessingml.document',13013,1,0,'2017-04-30 10:05:10','2017-04-30 10:05:10'),(47,'第六届“家曦杯”课外学术科技作品竞赛作品参赛信息汇总.docx',119,'D:\\workspace\\innovation-website\\target\\innovation-web-1.0-SNAPSHOT\\第六届“家曦杯”课外学术科技作品竞赛作品参赛信息汇总.docx','application/vnd.openxmlformats-officedocument.wordprocessingml.document',13010,1,0,'2017-04-30 10:05:10','2017-04-30 10:05:10'),(48,'第六届“家曦杯”课外学术科技作品竞赛作品申报书.docx',119,'D:\\workspace\\innovation-website\\target\\innovation-web-1.0-SNAPSHOT\\第六届“家曦杯”课外学术科技作品竞赛作品申报书.docx','application/vnd.openxmlformats-officedocument.wordprocessingml.document',31860,1,0,'2017-04-30 10:05:10','2017-04-30 10:05:10'),(49,'第十四届“挑战杯”全国大学生课外学术科技作品竞赛获奖作品名单.pdf',119,'D:\\workspace\\innovation-website\\target\\innovation-web-1.0-SNAPSHOT\\第十四届“挑战杯”全国大学生课外学术科技作品竞赛获奖作品名单.pdf','application/pdf',12474224,1,0,'2017-04-30 10:05:10','2017-04-30 10:05:10'),(50,'中关村人才创客大赛报名表.docx',120,'D:\\workspace\\innovation-website\\target\\innovation-web-1.0-SNAPSHOT\\中关村人才创客大赛报名表.docx','application/vnd.openxmlformats-officedocument.wordprocessingml.document',14767,1,0,'2017-04-30 10:11:58','2017-04-30 10:11:58'),(51,'中关村人才市场关于举办第二届中关村人才创客大赛的通知.pdf',120,'D:\\workspace\\innovation-website\\target\\innovation-web-1.0-SNAPSHOT\\中关村人才市场关于举办第二届中关村人才创客大赛的通知.pdf','application/pdf',623929,1,0,'2017-04-30 10:11:58','2017-04-30 10:11:58'),(52,'中关村人才市场关于举办第二届中关村人才创客大赛的通知.rtf',120,'D:\\workspace\\innovation-website\\target\\innovation-web-1.0-SNAPSHOT\\中关村人才市场关于举办第二届中关村人才创客大赛的通知.rtf','application/msword',81297,1,0,'2017-04-30 10:11:58','2017-04-30 10:11:58'),(53,'学院中创新创业管理制度汇编—东北师范大学.docx',126,'D:\\workspace\\innovation-website\\target\\innovation-web-1.0-SNAPSHOT\\学院中创新创业管理制度汇编—东北师范大学.docx','application/vnd.openxmlformats-officedocument.wordprocessingml.document',83880,1,0,'2017-04-30 10:37:06','2017-04-30 10:37:06'),(54,'学校创新创业管理制度汇编—东北师范大学.docx',127,'D:\\workspace\\innovation-website\\target\\innovation-web-1.0-SNAPSHOT\\学校创新创业管理制度汇编—东北师范大学.docx','application/vnd.openxmlformats-officedocument.wordprocessingml.document',63796,1,0,'2017-04-30 10:37:33','2017-04-30 10:37:33');

/*Table structure for table `t_project` */

DROP TABLE IF EXISTS `t_project`;

CREATE TABLE `t_project` (
  `id` int(30) NOT NULL AUTO_INCREMENT COMMENT '项目id',
  `name` varchar(500) CHARACTER SET utf8 NOT NULL COMMENT '项目名称',
  `charger` varchar(30) CHARACTER SET utf8 NOT NULL DEFAULT '无' COMMENT '负责人',
  `teacher` varchar(30) CHARACTER SET utf8 NOT NULL DEFAULT '无' COMMENT '指导老师',
  `school_id` varchar(100) CHARACTER SET utf8 NOT NULL COMMENT '学院id',
  `school_name` varchar(500) CHARACTER SET utf8 NOT NULL DEFAULT '无' COMMENT '学院名称',
  `year` int(4) NOT NULL DEFAULT '2014' COMMENT '年份',
  `type` varchar(100) COLLATE utf8_estonian_ci NOT NULL DEFAULT '科研' COMMENT '项目分类：1国创 2挑战杯 3 科研立项',
  `created_time` timestamp NOT NULL DEFAULT CURRENT_TIMESTAMP COMMENT '创建时间',
  `last_modified_time` timestamp NOT NULL DEFAULT CURRENT_TIMESTAMP COMMENT '最近修改时间',
  `category` varchar(100) COLLATE utf8_estonian_ci NOT NULL DEFAULT '无' COMMENT '项目类别',
  PRIMARY KEY (`id`)
) ENGINE=InnoDB AUTO_INCREMENT=2061 DEFAULT CHARSET=utf8 COLLATE=utf8_estonian_ci;

/*Data for the table `t_project` */

insert  into `t_project`(`id`,`name`,`charger`,`teacher`,`school_id`,`school_name`,`year`,`type`,`created_time`,`last_modified_time`,`category`) values (1212,'我国中部地区农村小学课程开设现状调查研究','刘杰','无','1','教育学部',2012,'国创','2017-04-30 00:03:07','2017-04-30 00:03:07','创新训练'),(1213,'活动经验对中小学生积极发展的影响','谢燕萍','无','1','教育学部',2012,'国创','2017-04-30 00:03:07','2017-04-30 00:03:07','创新训练'),(1214,'“汉字·德育”活动方案：一种小学德育新途径的研发与应用','魏柳英','无','1','教育学部',2012,'国创','2017-04-30 00:03:07','2017-04-30 00:03:07','创新训练'),(1215,'社会比较动机对女性身体意象的影响','吴晓靓','无','1','教育学部',2012,'国创','2017-04-30 00:03:07','2017-04-30 00:03:07','创新训练'),(1216,'微博在高校思想政治教育工作中德发展现状及问题调查研究','岳洋','无','2','政法学院',2012,'国创','2017-04-30 00:03:07','2017-04-30 00:03:07','创新训练'),(1217,'延边地区在长吉图先导区建设中面临的调查和对策研究——基于对区域主体的调查','宿野','无','2','政法学院',2012,'国创','2017-04-30 00:03:07','2017-04-30 00:03:07','创新训练'),(1219,'大学生志愿服务现状、问题及对策研究——以长春市大学生志愿服务活动为例','赵翠翠','无','2','政法学院',2012,'国创','2017-04-30 00:03:07','2017-04-30 00:03:07','创新训练'),(1221,'川北丘陵地带农村土地流转政策实施现状、问题及对策研究','刘宁','无','2','政法学院',2012,'国创','2017-04-30 00:03:07','2017-04-30 00:03:07','创新训练'),(1222,'长春市低收入家庭子女教育支出及其影响研究','蒋佰辰','无','9','经济学院',2012,'国创','2017-04-30 00:03:07','2017-04-30 00:03:07','创新训练'),(1223,'农机购置补贴效益研究—以松原市为例','谭亚','无','9','经济学院',2012,'国创','2017-04-30 00:03:07','2017-04-30 00:03:07','创新训练'),(1224,'四川省东湖示范园区再利用农业循环经济模式研究','吴娇','无','9','经济学院',2012,'国创','2017-04-30 00:03:07','2017-04-30 00:03:07','创新训练'),(1225,'城市生活垃圾分类处理的经济效益和社会效益调查研究——以长春市为例','于慧颖','无','9','经济学院',2012,'国创','2017-04-30 00:03:07','2017-04-30 00:03:07','创新训练'),(1227,'长春市轻轨社会效益问题实践研究','陈郁然','无','9','经济学院',2012,'国创','2017-04-30 00:03:07','2017-04-30 00:03:07','创新训练'),(1228,'四川省绵竹市震后城镇化问题研究','马代坤','无','9','经济学院',2012,'国创','2017-04-30 00:03:07','2017-04-30 00:03:07','创新训练'),(1229,'民营企业员工心理契约结构与中型民营制造业企业管理','梁靖瑶','无','3','商学院',2012,'国创','2017-04-30 00:03:07','2017-04-30 00:03:07','创新训练'),(1230,'网购风险对消费者行为的影响的调查研究—以淘宝网为例','吴磊','无','3','商学院',2012,'国创','2017-04-30 00:03:07','2017-04-30 00:03:07','创新训练'),(1231,'财务报告舞弊问题研究','陈慧璇','无','3','商学院',2012,'国创','2017-04-30 00:03:07','2017-04-30 00:03:07','创新训练'),(1232,'长春市公办养老机构护理人员薪酬福利的现状及对策研究','洪丹丹','无','3','商学院',2012,'国创','2017-04-30 00:03:07','2017-04-30 00:03:07','创新训练'),(1233,'长春市老年人消费心理和行为分析及发展方向','蔡小滨','无','3','商学院',2012,'国创','2017-04-30 00:03:07','2017-04-30 00:03:07','创新训练'),(1234,'东北地区新生代农民工体面劳动状况专项调查','宋晓雪','无','3','商学院',2012,'国创','2017-04-30 00:03:07','2017-04-30 00:03:07','创新训练'),(1235,'吉林省城市居民绿色消费心理和行为分析及发展方向','何其玉','无','3','商学院',2012,'国创','2017-04-30 00:03:07','2017-04-30 00:03:07','创新训练'),(1236,'中国农村小学“撤点并校”问题研究','李文','无','10','文学院',2012,'国创','2017-04-30 00:03:07','2017-04-30 00:03:07','创新训练'),(1237,'吉林省学前教育“语言”教学现状及优秀模式探究','周珊芳','无','10','文学院',2012,'国创','2017-04-30 00:03:07','2017-04-30 00:03:07','创新训练'),(1238,'大陆与台湾中文系大学生专业文献阅读策略分析——以东北师范大学与国立台湾师范大学为例','杨宁','无','10','文学院',2012,'国创','2017-04-30 00:03:07','2017-04-30 00:03:07','创新训练'),(1240,'在校大学生对网络语言符号的认知与选择性传播特征研究','阳志标','无','10','文学院',2012,'国创','2017-04-30 00:03:07','2017-04-30 00:03:07','创新训练'),(1241,'新课程高考下高中语文作文教育问题研究和改革趋势','黄羽西','无','10','文学院',2012,'国创','2017-04-30 00:03:07','2017-04-30 00:03:07','创新训练'),(1242,'新课标背景下优秀传统文化走进小学语文教学课堂的形式的案例研究——以山东省、吉林省、甘肃省部分小学为例','巩袁','无','10','文学院',2012,'国创','2017-04-30 00:03:07','2017-04-30 00:03:07','创新训练'),(1244,'欧洲议会与“西藏问题”国际化研究','吴乐康','无','11','历史文化学院',2012,'国创','2017-04-30 00:03:07','2017-04-30 00:03:07','创新训练'),(1245,'公众舆论对1906年美国食品立法的影响','崔新星','无','11','历史文化学院',2012,'国创','2017-04-30 00:03:07','2017-04-30 00:03:07','创新训练'),(1246,'晚清关中县域经济探究——以樊增祥主政期为例','董晓博','无','11','历史文化学院',2012,'国创','2017-04-30 00:03:07','2017-04-30 00:03:07','创新训练'),(1247,'元代少数民族妇女研究','周晓彤','无','11','历史文化学院',2012,'国创','2017-04-30 00:03:07','2017-04-30 00:03:07','创新训练'),(1248,'长春市残障人士旅游行为及市场开发研究','李非同','无','11','历史文化学院',2012,'国创','2017-04-30 00:03:07','2017-04-30 00:03:07','创新训练'),(1249,'从学堂教员的来源看清末教育改革的困顿','陈东','无','11','历史文化学院',2012,'国创','2017-04-30 00:03:07','2017-04-30 00:03:07','创新训练'),(1250,'中学英语教学中多媒体应用存在的差异及其影响性因素的研究','罗婷','无','12','外国语学院',2012,'国创','2017-04-30 00:03:07','2017-04-30 00:03:07','创新训练'),(1251,'长春市公共标识语英汉翻译规范性调研','王鑫','无','12','外国语学院',2012,'国创','2017-04-30 00:03:07','2017-04-30 00:03:07','创新训练'),(1252,'Gvozdjak猜想研究','张伟','无','16','数学与统计学院',2012,'国创','2017-04-30 00:03:07','2017-04-30 00:03:07','创新训练'),(1253,'关于kotzig猜想的研究','黄文强','无','16','数学与统计学院',2012,'国创','2017-04-30 00:03:07','2017-04-30 00:03:07','创新训练'),(1254,'五维Malcev超代数的分类及其自同态的分类','邱红平','无','16','数学与统计学院',2012,'国创','2017-04-30 00:03:07','2017-04-30 00:03:07','创新训练'),(1255,'基于统计方法的数学学科知识与教学能力的评价','王曼玲','无','16','数学与统计学院',2012,'国创','2017-04-30 00:03:07','2017-04-30 00:03:07','创新训练'),(1256,'基于大肠图像的分类算法研究','李羽','无','16','数学与统计学院',2012,'国创','2017-04-30 00:03:07','2017-04-30 00:03:07','创新训练'),(1257,'两类Twisted李代数的导子研究','刘畅','无','16','数学与统计学院',2012,'国创','2017-04-30 00:03:07','2017-04-30 00:03:07','创新训练'),(1258,'对数学系师范生对高中数学新课程标准及教材内容熟识度的调研（以函数为例）','刘琦','无','16','数学与统计学院',2012,'国创','2017-04-30 00:03:07','2017-04-30 00:03:07','创新训练'),(1260,'基于支持向量机的赖氨酸甲基化的位点预测','张欣','无','17','计算机科学与信息技术学院',2012,'国创','2017-04-30 00:03:07','2017-04-30 00:03:07','创新训练'),(1262,'基于Android手机小游戏平台设计','王云鹤','无','17','计算机科学与信息技术学院',2012,'国创','2017-04-30 00:03:07','2017-04-30 00:03:07','创新训练'),(1264,'基于android平台的管理器设计','邢琦玮','无','17','计算机科学与信息技术学院',2012,'国创','2017-04-30 00:03:07','2017-04-30 00:03:07','创新训练'),(1266,'云环境下我国lib2.0研究','黄佩','无','17','计算机科学与信息技术学院',2012,'国创','2017-04-30 00:03:07','2017-04-30 00:03:07','创新训练'),(1268,'NENUOnlineJudgeSystem','程颖宇','无','17','计算机科学与信息技术学院',2012,'国创','2017-04-30 00:03:07','2017-04-30 00:03:07','创新训练'),(1270,'高校网络课程平台应用现状及问题解决对策研究','李淑分','无','17','计算机科学与信息技术学院',2012,'国创','2017-04-30 00:03:07','2017-04-30 00:03:07','创新训练'),(1271,'——以东北师范大学为例','','无','17','计算机科学与信息技术学院',2012,'国创','2017-04-30 00:03:07','2017-04-30 00:03:07','创新训练'),(1272,'探究不同类型音乐对学习效率的影响','张蓉蓉','无','17','计算机科学与信息技术学院',2012,'国创','2017-04-30 00:03:07','2017-04-30 00:03:07','创新训练'),(1274,'基于androod平台的中学数学自适应测评系统研究','胡瑾','无','18','软件学院',2012,'国创','2017-04-30 00:03:07','2017-04-30 00:03:07','创新训练'),(1275,'基于图像处理的交通信息系统','韩凯利','无','18','软件学院',2012,'国创','2017-04-30 00:03:07','2017-04-30 00:03:07','创新训练'),(1276,'基于嵌套式的智能照明与安防系统','王振如','无','18','软件学院',2012,'国创','2017-04-30 00:03:07','2017-04-30 00:03:07','创新训练'),(1277,'个性网站信息收集网站','崔元','无','18','软件学院',2012,'国创','2017-04-30 00:03:07','2017-04-30 00:03:07','创新训练'),(1278,'Gd掺杂对忆阻器件物理特性影响的探究','沈成','无','4','物理学院',2012,'国创','2017-04-30 00:03:07','2017-04-30 00:03:07','创新训练'),(1279,'新型节能真空保温热水器','韦余月','无','4','物理学院',2012,'国创','2017-04-30 00:03:07','2017-04-30 00:03:07','创新训练'),(1280,'石英晶体微天平（QCM）的原理及样机设计','董丽君','无','4','物理学院',2012,'国创','2017-04-30 00:03:07','2017-04-30 00:03:07','创新训练'),(1281,'SiO2/Au/TiO2复合材料的制备及其光催化性质研究','王建锐','无','4','物理学院',2012,'国创','2017-04-30 00:03:07','2017-04-30 00:03:07','创新训练'),(1282,'基于金纳米棒的光热转换效应实施药物分子的可控性释放研究','郝华伟','无','4','物理学院',2012,'国创','2017-04-30 00:03:07','2017-04-30 00:03:07','创新训练'),(1283,'中学生自我概念与物理学业成绩关系的研究','刘慧杰','无','4','物理学院',2012,'国创','2017-04-30 00:03:07','2017-04-30 00:03:07','创新训练'),(1284,'中子发生器控制台自动化研究','王丽佳','无','4','物理学院',2012,'国创','2017-04-30 00:03:07','2017-04-30 00:03:07','创新训练'),(1285,'物联无线智能报警系统','杨明达','无','4','物理学院',2012,'国创','2017-04-30 00:03:07','2017-04-30 00:03:07','创新训练'),(1286,'激光脉冲沉积技术中准分子激光羽辉的分子动力学研究','王晓','无','4','物理学院',2012,'国创','2017-04-30 00:03:07','2017-04-30 00:03:07','创新训练'),(1287,'用热蒸发法镀钛靶的技术对中子管性能的影响','高杨','无','4','物理学院',2012,'国创','2017-04-30 00:03:07','2017-04-30 00:03:07','创新训练'),(1288,'超导量子比特和电路','胡亚洋','无','4','物理学院',2012,'国创','2017-04-30 00:03:07','2017-04-30 00:03:07','创新训练'),(1289,'3d杂核簇基高核金属氧簇的合成及应用研究','段惠','无','5','化学学院',2012,'国创','2017-04-30 00:03:07','2017-04-30 00:03:07','创新训练'),(1290,'聚苯胺纳米阵列结构的设计与作为超级电容器电极材料的研究','高力','无','5','化学学院',2012,'国创','2017-04-30 00:03:07','2017-04-30 00:03:07','创新训练'),(1291,'纳米淀粉基水处理高分子絮凝剂的合成及性能研究','翁云','无','5','化学学院',2012,'国创','2017-04-30 00:03:07','2017-04-30 00:03:07','创新训练'),(1292,'多金属氧酸盐固体催化剂的设计及过氧化氢氧化淀粉的性能研究','王航','无','5','化学学院',2012,'国创','2017-04-30 00:03:07','2017-04-30 00:03:07','创新训练'),(1293,'瘦肉精类物质的电化学检测方法研究','赵凯月','无','5','化学学院',2012,'国创','2017-04-30 00:03:07','2017-04-30 00:03:07','创新训练'),(1294,'噻吩类化合物的新合成方法研究','勾明宇','无','5','化学学院',2012,'国创','2017-04-30 00:03:07','2017-04-30 00:03:07','创新训练'),(1295,'铁催化吡咯及稠吡咯的合成研究','孟宪宇','无','5','化学学院',2012,'国创','2017-04-30 00:03:07','2017-04-30 00:03:07','创新训练'),(1296,'硅钨钠多酸盐固体催化剂的设计及在湿法氧化降解水中苯酚的性质研究','李华成','无','5','化学学院',2012,'国创','2017-04-30 00:03:07','2017-04-30 00:03:07','创新训练'),(1297,'多金属氧酸盐在显色检测过氧化氢及肿瘤细胞方面的性能研究','韦梅杰','无','5','化学学院',2012,'国创','2017-04-30 00:03:07','2017-04-30 00:03:07','创新训练'),(1298,'SnO2/多酸型染料敏化太阳能电池的研制','彭芋杰','无','5','化学学院',2012,'国创','2017-04-30 00:03:07','2017-04-30 00:03:07','创新训练'),(1299,'金属有机网络的构筑及其载药性能的研究','王倩','无','5','化学学院',2012,'国创','2017-04-30 00:03:07','2017-04-30 00:03:07','创新训练'),(1300,'稻属种间杂交诱导遗传变异及表观遗传变异的现象和机制探讨','张邦蛟','无','6','生命科学学院',2012,'国创','2017-04-30 00:03:07','2017-04-30 00:03:07','创新训练'),(1301,'稻属种间杂交种在非生物胁迫下诱导产生的遗传及表观遗传变异的现象和机制探讨','孙帅','无','6','生命科学学院',2012,'国创','2017-04-30 00:03:07','2017-04-30 00:03:07','创新训练'),(1303,'不同放牧方式下植被微环境与素色异爪蝗多度间关系的初步研究','王洋','无','6','生命科学学院',2012,'国创','2017-04-30 00:03:07','2017-04-30 00:03:07','创新训练'),(1304,'生物转化制备人参皂甙Rg2','胡彦波','无','6','生命科学学院',2012,'国创','2017-04-30 00:03:07','2017-04-30 00:03:07','创新训练'),(1305,'生物转化法制备神经节苷脂GM1','冷佳益','无','6','生命科学学院',2012,'国创','2017-04-30 00:03:07','2017-04-30 00:03:07','创新训练'),(1306,'小ERF转录因子ERF096对拟南芥生长发育的调控','柳善达','无','6','生命科学学院',2012,'国创','2017-04-30 00:03:07','2017-04-30 00:03:07','创新训练'),(1307,'SR57227对PTZ诱导癫痫发作的影响及其作用机制研究','王亮','无','6','生命科学学院',2012,'国创','2017-04-30 00:03:07','2017-04-30 00:03:07','创新训练'),(1308,'FDF-1对乳腺癌转移作用的实验研究','杜爽','无','6','生命科学学院',2012,'国创','2017-04-30 00:03:07','2017-04-30 00:03:07','创新训练'),(1309,'松嫩草地丛枝菌根真菌影响植物种间关系的机制研究','张露丹','无','6','生命科学学院',2012,'国创','2017-04-30 00:03:07','2017-04-30 00:03:07','创新训练'),(1310,'直翅目昆虫鸣声通讯及其电生理研究','杜伟','无','6','生命科学学院',2012,'国创','2017-04-30 00:03:07','2017-04-30 00:03:07','创新训练'),(1311,'松嫩草地主要C3和C4植物对水分变异的敏感性和生长适应','邓钰','无','6','生命科学学院',2012,'国创','2017-04-30 00:03:07','2017-04-30 00:03:07','创新训练'),(1312,'栽培人参及其野生亲本的遗传结构研究','史凤雪','无','6','生命科学学院',2012,'国创','2017-04-30 00:03:07','2017-04-30 00:03:07','创新训练'),(1313,'基于林线变动的长白山苔原带土壤理化性质研究','敖小龙','无','30','城市与环境科学学院',2012,'国创','2017-04-30 00:03:07','2017-04-30 00:03:07','创新训练'),(1314,'哈尼泥炭地粒度信息记录的冬季风强弱变化规律的研究','阳金秀','无','30','城市与环境科学学院',2012,'国创','2017-04-30 00:03:07','2017-04-30 00:03:07','创新训练'),(1315,'排水对小兴安岭泥炭藓泥炭沼泽有壳变形虫的影响研究','王从洋','无','30','城市与环境科学学院',2012,'国创','2017-04-30 00:03:07','2017-04-30 00:03:07','创新训练'),(1316,'城市典型地面目标在不同时相的热辐射特性研究','刘宇','无','30','城市与环境科学学院',2012,'国创','2017-04-30 00:03:07','2017-04-30 00:03:07','创新训练'),(1317,'白腹管鼻蝠成体交流声波多样性研究','张亢亢','无','30','城市与环境科学学院',2012,'国创','2017-04-30 00:03:07','2017-04-30 00:03:07','创新训练'),(1318,'纳米TiO2/H3PW12O40复合膜的制备及其对典型染料的光催化降解研究','滕良慧','无','30','城市与环境科学学院',2012,'国创','2017-04-30 00:03:07','2017-04-30 00:03:07','创新训练'),(1319,'长春市商业空间的发展机理研究——基于洋快餐空间扩散的解读','王进','无','30','城市与环境科学学院',2012,'国创','2017-04-30 00:03:07','2017-04-30 00:03:07','创新训练'),(1320,'Bacillaceaesp.CR1对反式-4-甲基-环己烷酸好氧共代谢的降解动力学研究','于海丽','无','30','城市与环境科学学院',2012,'国创','2017-04-30 00:03:07','2017-04-30 00:03:07','创新训练'),(1322,'环境变化对长白山泥炭地碳库功能的影响','张兵将','无','30','城市与环境科学学院',2012,'国创','2017-04-30 00:03:07','2017-04-30 00:03:07','创新训练'),(1323,'水体在湿地植物初生演替中的作用机制研究','刘子楠','无','30','城市与环境科学学院',2012,'国创','2017-04-30 00:03:07','2017-04-30 00:03:07','创新训练'),(1324,'网络视频节目自制与大学生收视群体引导策略研究','欧阳如一','无','19','传媒科学学院',2012,'国创','2017-04-30 00:03:07','2017-04-30 00:03:07','创新训练'),(1325,'新媒体环境下的品牌互动营销—以“尊尼获加”品牌为例','王海霞','无','19','传媒科学学院',2012,'国创','2017-04-30 00:03:07','2017-04-30 00:03:07','创新训练'),(1326,'网络媒体对18~35岁受众价值观的影响调查','柳笛','无','19','传媒科学学院',2012,'国创','2017-04-30 00:03:07','2017-04-30 00:03:07','创新训练'),(1327,'新媒体环境下大学生就业创业规划意识与社会竞争力研究','单博','无','19','传媒科学学院',2012,'国创','2017-04-30 00:03:07','2017-04-30 00:03:07','创新训练'),(1328,'全媒体语境下电视受众的文化价值观形成分析','郭旭','无','19','传媒科学学院',2012,'国创','2017-04-30 00:03:07','2017-04-30 00:03:07','创新训练'),(1329,'吉林省家庭教会组织：现状、问题及对策研究','杨磊','无','15','马克思主义学院',2012,'国创','2017-04-30 00:03:07','2017-04-30 00:03:07','创新训练'),(1330,'当代大学生精神生活状况及其问题的调查研究——以长春市大学为例','何有英','无','15','马克思主义学院',2012,'国创','2017-04-30 00:03:07','2017-04-30 00:03:07','创新训练'),(1331,'DirecTing生涯规划指导咨询创业计划','董妍茜','无','1','教育学部',2012,'国创','2017-04-30 00:03:07','2017-04-30 00:03:07','创业训练'),(1332,'儿童吧','宋词曲桐','无','1','教育学部',2012,'国创','2017-04-30 00:03:07','2017-04-30 00:03:07','创业训练'),(1333,'“儿童之家”——临时性幼儿托管机构','李宸歌','无','1','教育学部',2012,'国创','2017-04-30 00:03:07','2017-04-30 00:03:07','创业训练'),(1334,'有关“路优悠”交通指示器之第一代限号提醒装置的调查研究','王敏琦','无','1','教育学部',2012,'国创','2017-04-30 00:03:07','2017-04-30 00:03:07','创业训练'),(1335,'校园人人旧物交易平台','何沁芸','无','9','经济学院',2012,'国创','2017-04-30 00:03:07','2017-04-30 00:03:07','创业训练'),(1336,'格调生活馆','徐健文','无','11','历史文化学院',2012,'国创','2017-04-30 00:03:07','2017-04-30 00:03:07','创业训练'),(1337,'大学生对外交流服务联盟','刘丽娜','无','11','历史文化学院',2012,'国创','2017-04-30 00:03:07','2017-04-30 00:03:07','创业训练'),(1338,'卓音网络就业服务公司','王洪','无','12','外国语学院',2012,'国创','2017-04-30 00:03:07','2017-04-30 00:03:07','创业训练'),(1339,'环保艾迪嘉多功能家庭机专营店','赵爽','无','12','外国语学院',2012,'国创','2017-04-30 00:03:07','2017-04-30 00:03:07','创业训练'),(1340,'探究时尚传统型唐装的市场及创业前景','孙亚洲','无','16','数学与统计学院',2012,'国创','2017-04-30 00:03:07','2017-04-30 00:03:07','创业训练'),(1341,'研究新一代教育机构的创办','姚晓光','无','16','数学与统计学院',2012,'国创','2017-04-30 00:03:07','2017-04-30 00:03:07','创业训练'),(1342,'“华韵”中国文化交流培训公司','李梁木','无','16','数学与统计学院',2012,'国创','2017-04-30 00:03:07','2017-04-30 00:03:07','创业训练'),(1343,'DIY手工店','余永毅','无','16','数学与统计学院',2012,'国创','2017-04-30 00:03:07','2017-04-30 00:03:07','创业训练'),(1344,'绿色生态水','刘洋','无','16','数学与统计学院',2012,'国创','2017-04-30 00:03:07','2017-04-30 00:03:07','创业训练'),(1345,'长春市废弃笔芯回收再利用与销售项目','徐新玉','无','16','数学与统计学院',2012,'国创','2017-04-30 00:03:07','2017-04-30 00:03:07','创业训练'),(1346,'“明天有你”高中生职业规划服务项目','荣鑫淼','无','16','数学与统计学院',2012,'国创','2017-04-30 00:03:07','2017-04-30 00:03:07','创业训练'),(1347,'新型服药提醒器','董泓利','无','4','物理学院',2012,'国创','2017-04-30 00:03:07','2017-04-30 00:03:07','创业训练'),(1348,'ebuy奶牛网','吕艳坤','无','4','物理学院',2012,'国创','2017-04-30 00:03:07','2017-04-30 00:03:07','创业训练'),(1349,'校园百脑汇','赵晨阳','无','4','物理学院',2012,'国创','2017-04-30 00:03:07','2017-04-30 00:03:07','创业训练'),(1350,'便捷式移动目标监控管理系统','孙丽敏','无','4','物理学院',2012,'国创','2017-04-30 00:03:07','2017-04-30 00:03:07','创业训练'),(1351,'创意LED设计室','吴越','无','4','物理学院',2012,'国创','2017-04-30 00:03:07','2017-04-30 00:03:07','创业训练'),(1352,'启思物理培训机构','张琦','无','4','物理学院',2012,'国创','2017-04-30 00:03:07','2017-04-30 00:03:07','创业训练'),(1353,'面向大学生的创意类杂志与安卓阅读软件同步开发的创业训练','王宁','无','30','城市与环境科学学院',2012,'国创','2017-04-30 00:03:07','2017-04-30 00:03:07','创业训练'),(1354,'启明综合家教服务中心','李彦平','无','30','城市与环境科学学院',2012,'国创','2017-04-30 00:03:07','2017-04-30 00:03:07','创业训练'),(1355,'NOVE（新星）校园传媒公司','李静','无','19','传媒科学学院',2012,'国创','2017-04-30 00:03:07','2017-04-30 00:03:07','创业训练'),(1356,'长春千一诺文化责任有限公司','臧铭初','无','19','传媒科学学院',2012,'国创','2017-04-30 00:03:07','2017-04-30 00:03:07','创业训练'),(1357,'城市滞留型污染水体上岸循环净化系统','侯佳志','无','','',2012,'国创','2017-04-30 00:03:07','2017-04-30 00:03:07','创业实践'),(1358,'奶牛文化传媒有限责任公司','臧铭初','无','','',2012,'国创','2017-04-30 00:03:07','2017-04-30 00:03:07','创业实践'),(1359,'领控保鲜技术开发有限责任公司','闫津廷','无','','',2012,'国创','2017-04-30 00:03:07','2017-04-30 00:03:07','创业实践'),(1360,'生物转化制备抗肿瘤药物人参皂甙C-K','宋成程','无','','',2012,'国创','2017-04-30 00:03:07','2017-04-30 00:03:07','创业实践'),(1361,'小学课后辅导班开设及学生参与现状调查','兰婷芳','无','1','教育学部',2013,'国创','2017-04-30 00:05:20','2017-04-30 00:05:20','创新训练'),(1362,'探究促进大学生给你积极品质发展的大学活动经验','刘晓东','无','1','教育学部',2013,'国创','2017-04-30 00:05:20','2017-04-30 00:05:20','创新训练'),(1363,'超前学习书本知识与小学生学业成就关系研究\n（以小学生二年级数学学习为例）','朱润蕾','无','1','教育学部',2013,'国创','2017-04-30 00:05:20','2017-04-30 00:05:20','创新训练'),(1365,'长春市公办幼儿园保育员素质现状研究','欧柔','无','1','教育学部',2013,'国创','2017-04-30 00:05:20','2017-04-30 00:05:20','创新训练'),(1366,'小学生“数与代数”学习常见错误研究及教学建议','李梦茹','无','1','教育学部',2013,'国创','2017-04-30 00:05:20','2017-04-30 00:05:20','创新训练'),(1367,'幼儿园音乐教育活动对儿童情绪发展影响','韩慧','无','1','教育学部',2013,'国创','2017-04-30 00:05:20','2017-04-30 00:05:20','创新训练'),(1368,'长春市自闭症儿童教育师资现状调查与问题研究','周凯旋','无','2','政法学院',2013,'国创','2017-04-30 00:05:20','2017-04-30 00:05:20','创新训练'),(1369,'“拉面经济”对西北少数民族义务教育的影响','马玉芳','无','2','政法学院',2013,'国创','2017-04-30 00:05:20','2017-04-30 00:05:20','创新训练'),(1370,'免费师范生的学习和生活状况调查——以东北师范大学为例','陈欣','无','2','政法学院',2013,'国创','2017-04-30 00:05:20','2017-04-30 00:05:20','创新训练'),(1371,'吉林省农村居民最低生活保障制度的实行效力\n——以分区调研为基础','彭小兰','无','2','政法学院',2013,'国创','2017-04-30 00:05:20','2017-04-30 00:05:20','创新训练'),(1373,'高校应急及重病资助基金运行模式研究','兰昊','无','2','政法学院',2013,'国创','2017-04-30 00:05:20','2017-04-30 00:05:20','创新训练'),(1374,'半城市化人口的社会融入问题——以吉林省长春市为例','沈悦','无','9','经济学院',2013,'国创','2017-04-30 00:05:20','2017-04-30 00:05:20','创新训练'),(1375,'关于安徽省农村学校展开的调查','王煌','无','9','经济学院',2013,'国创','2017-04-30 00:05:20','2017-04-30 00:05:20','创新训练'),(1376,'西南地区发展养殖型家庭农场的可行性研究\n——基于四川省江安县的调研分析','罗艺','无','9','经济学院',2013,'国创','2017-04-30 00:05:20','2017-04-30 00:05:20','创新训练'),(1378,'山东省临沂市物流业集群综合一体化研究','岳琪','无','9','经济学院',2013,'国创','2017-04-30 00:05:20','2017-04-30 00:05:20','创新训练'),(1379,'吉林省小微企业融资问题的研究','朱羽','无','3','商学院',2013,'国创','2017-04-30 00:05:20','2017-04-30 00:05:20','创新训练'),(1380,'我国自主品牌汽车消费需求的调查研究','王倩','无','3','商学院',2013,'国创','2017-04-30 00:05:20','2017-04-30 00:05:20','创新训练'),(1381,'新时期两岸三地高中教材中现当代小说的迁入迁出','赵仲珩','无','10','文学院',2013,'国创','2017-04-30 00:05:20','2017-04-30 00:05:20','创新训练'),(1382,'新课标下以吟诵促进小学语文古诗词情境教学方法初探\n——以甘、滇、湘、吉四省部分小学为试点','张乔涛','无','10','文学院',2013,'国创','2017-04-30 00:05:20','2017-04-30 00:05:20','创新训练'),(1384,'中国梦·教育梦之两岸三地初中语文探究性学习比较研究\n——以吉林省、香港特别行政区、台湾部分地区为例','张明新','无','10','文学院',2013,'国创','2017-04-30 00:05:20','2017-04-30 00:05:20','创新训练'),(1386,'韩非子“游侠”解析','夏泽华','无','11','历史文化学院',2013,'国创','2017-04-30 00:05:20','2017-04-30 00:05:20','创新训练'),(1387,'口述史下的1948年长春围城事件研究','许浩','无','11','历史文化学院',2013,'国创','2017-04-30 00:05:20','2017-04-30 00:05:20','创新训练'),(1388,'韩非子政治伦理的当代考量','刘宇昊','无','11','历史文化学院',2013,'国创','2017-04-30 00:05:20','2017-04-30 00:05:20','创新训练'),(1389,'Android系统英语学习软件有效性调查研究','宫晓菲','无','12','外国语学院',2013,'国创','2017-04-30 00:05:20','2017-04-30 00:05:20','创新训练'),(1390,'吉林省伊通县王家屯新农村建设民居规划与设计分析','梁爽','无','14','美术学院',2013,'国创','2017-04-30 00:05:20','2017-04-30 00:05:20','创新训练'),(1391,'当代大学生对于汉族传统服饰文化认知程度的探究\n——以中部地区与东北地区为例','张英男','无','14','美术学院',2013,'国创','2017-04-30 00:05:20','2017-04-30 00:05:20','创新训练'),(1392,'关于东北民俗青牛葫芦及女真火绘艺术的现状研究','李婕','无','14','美术学院',2013,'国创','2017-04-30 00:05:20','2017-04-30 00:05:20','创新训练'),(1393,'“梨树县新合村‘海选’过程的重点个案研究”','刘春娇','无','15','马克思主义学部',2013,'国创','2017-04-30 00:05:20','2017-04-30 00:05:20','创新训练'),(1394,'新型农村合作社成长的资源类型及其获取方式\n——给予吉林省梨树县的实证调研','吴宗劲','无','15','马克思主义学部',2013,'国创','2017-04-30 00:05:20','2017-04-30 00:05:20','创新训练'),(1395,'蔡元培《中学修身教科书》研读','任航','无','15','马克思主义学部',2013,'国创','2017-04-30 00:05:20','2017-04-30 00:05:20','创新训练'),(1396,'网络时代下大学生新型交往关系的探寻','陈荑馨','无','15','马克思主义学部',2013,'国创','2017-04-30 00:05:20','2017-04-30 00:05:20','创新训练'),(1397,'时滞微分方程Double-Hopf点的数值计算方法研究','史亭亭','无','16','数学与统计学院',2013,'国创','2017-04-30 00:05:20','2017-04-30 00:05:20','创新训练'),(1398,'基于人工蜂群的车辆路径问题求解方法','牛秀南','无','17','计算机科学与\n信息技术学院',2013,'国创','2017-04-30 00:05:20','2017-04-30 00:05:20','创新训练'),(1399,'基于异构信息网络的电子商务混合推荐系统开发','桂欣','无','17','计算机科学与\n信息技术学院',2013,'国创','2017-04-30 00:05:20','2017-04-30 00:05:20','创新训练'),(1400,'Android移动设备客户端访问无线网络的开发','班耀存','无','17','计算机科学与\n信息技术学院',2013,'国创','2017-04-30 00:05:20','2017-04-30 00:05:20','创新训练'),(1401,'基于Android平台的智慧农业系统设计','温美玲','无','17','计算机科学与\n信息技术学院',2013,'国创','2017-04-30 00:05:20','2017-04-30 00:05:20','创新训练'),(1402,'基于社交网络的信息挖掘和研究','包玲玲','无','17','计算机科学与\n信息技术学院',2013,'国创','2017-04-30 00:05:20','2017-04-30 00:05:20','创新训练'),(1403,'东师WAITER','张昂','无','18','信息与软件工程学院',2013,'国创','2017-04-30 00:05:20','2017-04-30 00:05:20','创新训练'),(1404,'基于Android条码识别的医务信息系统','焦淑海','无','18','信息与软件工程学院',2013,'国创','2017-04-30 00:05:20','2017-04-30 00:05:20','创新训练'),(1405,'利用云技术同步数据的英语学习软件','姚意林','无','18','信息与软件工程学院',2013,'国创','2017-04-30 00:05:20','2017-04-30 00:05:20','创新训练'),(1406,'构建基于本体库的软件开发技术交流社区','张家鑫','无','18','信息与软件工程学院',2013,'国创','2017-04-30 00:05:20','2017-04-30 00:05:20','创新训练'),(1407,'基于安卓的地震的安全教育模拟体验室','尹晓婧','无','18','信息与软件工程学院',2013,'国创','2017-04-30 00:05:20','2017-04-30 00:05:20','创新训练'),(1408,'基于局域表面等离子体激元增强的Si/SiO2\n多量子阱发光器件的研究','刘建一','无','4','物理学院',2013,'国创','2017-04-30 00:05:20','2017-04-30 00:05:20','创新训练'),(1409,'快中子对小鼠癌细胞生物效应的深入分析','贾振妍','无','4','物理学院',2013,'国创','2017-04-30 00:05:20','2017-04-30 00:05:20','创新训练'),(1410,'想干点光源空间干涉的深入研究','高长贤','无','4','物理学院',2013,'国创','2017-04-30 00:05:20','2017-04-30 00:05:20','创新训练'),(1411,'金壳层材料制备及光热转化效应研究','陈楠楠','无','4','物理学院',2013,'国创','2017-04-30 00:05:20','2017-04-30 00:05:20','创新训练'),(1412,'中子管钪-钛合金靶胶的性能研究','崔思雨','无','4','物理学院',2013,'国创','2017-04-30 00:05:20','2017-04-30 00:05:20','创新训练'),(1413,'保障隧道中电子电气设备正常工作的温湿度控制系统','许森','无','4','物理学院',2013,'国创','2017-04-30 00:05:20','2017-04-30 00:05:20','创新训练'),(1414,'Cu2ZnSnS4薄胶太阳能电池的制备及其性能研究','战笑然','无','4','物理学院',2013,'国创','2017-04-30 00:05:20','2017-04-30 00:05:20','创新训练'),(1415,'纳米结构聚苯胺的设计生长与性能研究','黄磊','无','5','化学学院',2013,'国创','2017-04-30 00:05:20','2017-04-30 00:05:20','创新训练'),(1416,'多尺度理论模拟室内毒性气体在COF中的吸附','庞羽佳','无','5','化学学院',2013,'国创','2017-04-30 00:05:20','2017-04-30 00:05:20','创新训练'),(1417,'端炔的芳基迁移氨氧化反应','张思文','无','5','化学学院',2013,'国创','2017-04-30 00:05:20','2017-04-30 00:05:20','创新训练'),(1418,'吡咯新合成方法研究','邱佳','无','5','化学学院',2013,'国创','2017-04-30 00:05:20','2017-04-30 00:05:20','创新训练'),(1419,'硅酸盐中空纳米纤维的制备及其对重金属离子吸附性能的研究','杨阳','无','5','化学学院',2013,'国创','2017-04-30 00:05:20','2017-04-30 00:05:20','创新训练'),(1420,'碳纳米复合纤维作为锂电池负极片的制备及其导电性质研究','马丽','无','5','化学学院',2013,'国创','2017-04-30 00:05:20','2017-04-30 00:05:20','创新训练'),(1421,'过渡金属簇功能化的多钨酸盐的设计、合成及光催化性能的研究','陈奕臻','无','5','化学学院',2013,'国创','2017-04-30 00:05:20','2017-04-30 00:05:20','创新训练'),(1422,'水稻多倍体在盐、冷胁迫环境下产生的生理应答及其分子机制','曹帅','无','6','生命科学学院',2013,'国创','2017-04-30 00:05:20','2017-04-30 00:05:20','创新训练'),(1423,'长白山森林土壤中纤维素讲解维生素的筛选及多样性研究','赵书博','无','6','生命科学学院',2013,'国创','2017-04-30 00:05:20','2017-04-30 00:05:20','创新训练'),(1424,'土壤有机质pH值和主要元素对东北地区\n芦苇植硅体形成的影响研究','李思琪','无','7','地理科学学院',2013,'国创','2017-04-30 00:05:20','2017-04-30 00:05:20','创新训练'),(1425,'基于流域尺度的莫莫格保护区湿地变化的驱动机制研究','李向前','无','7','地理科学学院',2013,'国创','2017-04-30 00:05:20','2017-04-30 00:05:20','创新训练'),(1426,'长白山地泥炭沼泽记录的铅沉降及其环境意义','杨倩楠','无','7','地理科学学院',2013,'国创','2017-04-30 00:05:20','2017-04-30 00:05:20','创新训练'),(1427,'白腹管鼻蝠食物交流声波的特征和功能研究','徐非','无','8','环境学院',2013,'国创','2017-04-30 00:05:20','2017-04-30 00:05:20','创新训练'),(1428,'邻氯苯酚光催化降解过程中影响因素的研究','张婷','无','8','环境学院',2013,'国创','2017-04-30 00:05:20','2017-04-30 00:05:20','创新训练'),(1429,'吉林省普通高校冬季课余体育活动开展现状及对策研究','马文卿','无','20','体育学院',2013,'国创','2017-04-30 00:05:20','2017-04-30 00:05:20','创新训练'),(1430,'吉林省高校体育专业早操模式调查及政策改革','毕森','无','20','体育学院',2013,'国创','2017-04-30 00:05:20','2017-04-30 00:05:20','创新训练'),(1431,'大学生微博营销接触和使用情况调查\n——以东北师范大学学生为例','李一聪','无','19','传媒科学学院',2013,'国创','2017-04-30 00:05:20','2017-04-30 00:05:20','创新训练'),(1432,'当下大学生影视鉴赏能力现状的调查研究\n——以长春地区大学生为例','马鹏陈','无','19','传媒科学学院',2013,'国创','2017-04-30 00:05:20','2017-04-30 00:05:20','创新训练'),(1433,'验证码广告植入的商业应用价值研究','王丹琳','无','19','传媒科学学院',2013,'国创','2017-04-30 00:05:20','2017-04-30 00:05:20','创新训练'),(1434,'“长尾理论”分析视频网站发展——以影视局网站LETV为例','曲锐','无','19','传媒科学学院',2013,'国创','2017-04-30 00:05:20','2017-04-30 00:05:20','创新训练'),(1435,'热管发电系统','张燕','无','4','物理学院',2013,'国创','2017-04-30 00:05:20','2017-04-30 00:05:20','创业训练'),(1436,'婴幼儿专业教育馆、网站','曹月','无','1','教育学部',2013,'国创','2017-04-30 00:05:20','2017-04-30 00:05:20','创业训练'),(1437,'TheArtist服装批量定制及品牌服装原创设计','崔博','无','14','美术学院',2013,'国创','2017-04-30 00:05:20','2017-04-30 00:05:20','创业训练'),(1438,'赛罕文化传播教育就团有限公司','赵金波','无','19','传媒科学学院',2013,'国创','2017-04-30 00:05:20','2017-04-30 00:05:20','创业训练'),(1439,'管理软件狙击手','苏楠','无','16','数学与统计学院',2013,'国创','2017-04-30 00:05:20','2017-04-30 00:05:20','创业训练'),(1440,'基于国外代购下的电子商务平台搭建','姚新月','无','9','经济学院',2013,'国创','2017-04-30 00:05:20','2017-04-30 00:05:20','创业训练'),(1441,'长春高校联合外联中心','任帅','无','','教育学院',2013,'国创','2017-04-30 00:05:20','2017-04-30 00:05:20','创业训练'),(1442,'手绘文化衫店','吕欣','无','16','数学与统计学院',2013,'国创','2017-04-30 00:05:20','2017-04-30 00:05:20','创业训练'),(1443,'多功能压力传感控制枕','唐宁炜','无','4','物理学院',2013,'国创','2017-04-30 00:05:20','2017-04-30 00:05:20','创业训练'),(1444,'“新推客”传媒信息咨询服务公司','刘子铭','无','19','传媒科学学院',2013,'国创','2017-04-30 00:05:20','2017-04-30 00:05:20','创业训练'),(1445,'长春市知学文化传媒有限公司','邵子健','无','19','传媒科学学院',2013,'国创','2017-04-30 00:05:20','2017-04-30 00:05:20','创业实践'),(1455,'日本幼儿园避难教育活动研究——以东日本（仙台地区）私立幼儿园为例','李琳','无','1','教育学部',2014,'国创','2017-04-30 00:08:52','2017-04-30 00:08:52','创新训练'),(1456,'教育实习对免费师范生教师职业认同感的影响探究——以东北师大为例','鄢忻媛','无','1','教育学部',2014,'国创','2017-04-30 00:08:52','2017-04-30 00:08:52','创新训练'),(1457,'中文句子阅读中汉字部件对眼动预视效应的影响','章芯卉','无','1','教育学部',2014,'国创','2017-04-30 00:08:52','2017-04-30 00:08:52','创新训练'),(1458,'青少年在课外活动中的积极发展','邹骐羽','无','1','教育学部',2014,'国创','2017-04-30 00:08:52','2017-04-30 00:08:52','创新训练'),(1459,'长春市老年公寓发展现状及问题研究','韩晓奇','无','2','政法学院',2014,'国创','2017-04-30 00:08:52','2017-04-30 00:08:52','创新训练'),(1460,'公费师范生农村任教政策落实现状与前景研究','张百合','无','2','政法学院',2014,'国创','2017-04-30 00:08:52','2017-04-30 00:08:52','创新训练'),(1461,'新疆、西藏少数民族师范生在校学习、生活状况调查——以东北师范大学、长春师范大学在校本科师范生为例','胡耀丹','无','2','政法学院',2014,'国创','2017-04-30 00:08:52','2017-04-30 00:08:52','创新训练'),(1462,'大学生参与社区养老志愿服务现状调查及其保障机制研究','杨干','无','2','政法学院',2014,'国创','2017-04-30 00:08:52','2017-04-30 00:08:52','创新训练'),(1463,'盐碱地主要作物经济效益研究——以吉林省松原市长岭县为例','李汶蔚','无','9','经济学院',2014,'国创','2017-04-30 00:08:52','2017-04-30 00:08:52','创新训练'),(1464,'促进长春市“认证二手车”业务规模提升的有效路径研究','陈宣霖','无','9','经济学院',2014,'国创','2017-04-30 00:08:52','2017-04-30 00:08:52','创新训练'),(1465,'基于人口动态变化的角度探索农村留守老人问题','刘琪','无','9','经济学院',2014,'国创','2017-04-30 00:08:52','2017-04-30 00:08:52','创新训练'),(1466,'关于＂银行宝宝＂与余额宝类互联网金融理财产品的差异研究','王铭勤','无','9','经济学院',2014,'国创','2017-04-30 00:08:52','2017-04-30 00:08:52','创新训练'),(1467,'长春市高校商圈存在问题及解决对策研究','刘月','无','3','商学院',2014,'国创','2017-04-30 00:08:52','2017-04-30 00:08:52','创新训练'),(1468,'吉林省新型农村资金互助社的运营模式及其优化研究','代石立','无','3','商学院',2014,'国创','2017-04-30 00:08:52','2017-04-30 00:08:52','创新训练'),(1469,'艺术生创业意愿及其影响因素分析-----以东北师范大学、J校及Z校为例','沈煜文','无','3','商学院',2014,'国创','2017-04-30 00:08:52','2017-04-30 00:08:52','创新训练'),(1470,'网课背景下大学教学模式的改革(以经管专业为例)','李佩倩','无','3','商学院',2014,'国创','2017-04-30 00:08:52','2017-04-30 00:08:52','创新训练'),(1471,'海峡两岸大学生审美教育比较研究','宋煜','无','10','文学院',2014,'国创','2017-04-30 00:08:52','2017-04-30 00:08:52','创新训练'),(1472,'师范生媒介素养调查研究—以东三省部分师范大学为例','赵竞凡','无','10','文学院',2014,'国创','2017-04-30 00:08:52','2017-04-30 00:08:52','创新训练'),(1473,'师范生古诗文吟诵技能的自我培训方案与实施','刘匡溱','无','10','文学院',2014,'国创','2017-04-30 00:08:52','2017-04-30 00:08:52','创新训练'),(1474,'初中语文非连续性文本教学的调查研究','李楚凝','无','10','文学院',2014,'国创','2017-04-30 00:08:52','2017-04-30 00:08:52','创新训练'),(1475,'东北沦陷时期日本文化侵略初探——以1936-1938年《盛京时报》','孟凡','无','11','历史文化学院',2014,'国创','2017-04-30 00:08:52','2017-04-30 00:08:52','创新训练'),(1476,'第二次石油危机中的美国能源外交——以卡特政府时期为中心','孔祥伟','无','11','历史文化学院',2014,'国创','2017-04-30 00:08:52','2017-04-30 00:08:52','创新训练'),(1477,'一战以来全民公决视角下的美国外交政策研究','范文豪','无','11','历史文化学院',2014,'国创','2017-04-30 00:08:52','2017-04-30 00:08:52','创新训练'),(1478,'“宋愚”与“愚宋”——文化传统因革及其变局适应性的考察','董修齐','无','11','历史文化学院',2014,'国创','2017-04-30 00:08:52','2017-04-30 00:08:52','创新训练'),(1479,'英语专业学生写作中逗号使用错误情况的实证研究及归因探讨――以东北师范大学英语专业学生习作文章为例','贾洋洋','无','12','外国语学院',2014,'国创','2017-04-30 00:08:52','2017-04-30 00:08:52','创新训练'),(1480,'汉语口语语气词英译策略研究——以“啊、吗、吧、呢”为例','高君晔','无','12','外国语学院',2014,'国创','2017-04-30 00:08:52','2017-04-30 00:08:52','创新训练'),(1481,'背诵对于高校英语专业学生写作的影响','赵思琪','无','12','外国语学院',2014,'国创','2017-04-30 00:08:52','2017-04-30 00:08:52','创新训练'),(1482,'自主学习新方式：大学生音乐实践共同体的探索与研究','傅琛洁','无','13','音乐学院',2014,'国创','2017-04-30 00:08:52','2017-04-30 00:08:52','创新训练'),(1483,'长春--台北学前教育阶段美术教育模式比较研究','盖晓喆','无','14','美术学院',2014,'国创','2017-04-30 00:08:52','2017-04-30 00:08:52','创新训练'),(1484,'艺术衍生品的文化创新与探索——以轻工业产品为例','白晓柠','无','14','美术学院',2014,'国创','2017-04-30 00:08:52','2017-04-30 00:08:52','创新训练'),(1485,'长春市居家养老社区支持体系的调查研究','钟志根','无','15','马克思主义学部',2014,'国创','2017-04-30 00:08:52','2017-04-30 00:08:52','创新训练'),(1486,'少数民族大学新生适应现状调查与社会工作介入研究','孟根达来','无','15','马克思主义学部',2014,'国创','2017-04-30 00:08:52','2017-04-30 00:08:52','创新训练'),(1487,'90后青年学生交往方式新特点及思想政治教育对策研究','张冬梵','无','15','马克思主义学部',2014,'国创','2017-04-30 00:08:52','2017-04-30 00:08:52','创新训练'),(1488,'吉林省农民信仰状况调查研究——以十个中心村为例','肖婧','无','15','马克思主义学部',2014,'国创','2017-04-30 00:08:52','2017-04-30 00:08:52','创新训练'),(1489,'一些重要代数的低维分类','倪嘉琪','无','16','数学与统计学院',2014,'国创','2017-04-30 00:08:52','2017-04-30 00:08:52','创新训练'),(1490,'李超代数的双导子','徐行','无','16','数学与统计学院',2014,'国创','2017-04-30 00:08:52','2017-04-30 00:08:52','创新训练'),(1491,'网络数据的分类研究','李梦','无','16','数学与统计学院',2014,'国创','2017-04-30 00:08:52','2017-04-30 00:08:52','创新训练'),(1492,'如何促进偏文学生在取消文理分科后学好数学','于爽','无','16','数学与统计学院',2014,'国创','2017-04-30 00:08:52','2017-04-30 00:08:52','创新训练'),(1493,'作业版本控制系统','向黎','无','17','计算机科学与\n信息技术学院',2014,'国创','2017-04-30 00:08:52','2017-04-30 00:08:52','创新训练'),(1494,'融合社交网络的混合型推荐系统','尹宗铭','无','17','计算机科学与\n信息技术学院',2014,'国创','2017-04-30 00:08:52','2017-04-30 00:08:52','创新训练'),(1495,'基于微博数据对搜索词条的情感分析','李淼洋','无','17','计算机科学与\n信息技术学院',2014,'国创','2017-04-30 00:08:52','2017-04-30 00:08:52','创新训练'),(1496,'基于智能推荐的无线点餐系统设计','崔继运','无','17','计算机科学与\n信息技术学院',2014,'国创','2017-04-30 00:08:52','2017-04-30 00:08:52','创新训练'),(1497,'基于魔灯平台的翻转课堂的设计与实践研究——以ps学习为例','张书月','无','17','计算机科学与\n信息技术学院',2014,'国创','2017-04-30 00:08:52','2017-04-30 00:08:52','创新训练'),(1498,'基于微信平台的大学生学业拖延的干预研究','华成玲','无','17','计算机科学与\n信息技术学院',2014,'国创','2017-04-30 00:08:52','2017-04-30 00:08:52','创新训练'),(1499,'高校分类信息平台及微信助手平台开发','赵一帆','无','17','计算机科学与\n信息技术学院',2014,'国创','2017-04-30 00:08:52','2017-04-30 00:08:52','创新训练'),(1500,'出行达人','邱娇娇','无','18','信息与软件工程学院',2014,'国创','2017-04-30 00:08:52','2017-04-30 00:08:52','创新训练'),(1501,'随身小医生','李陶','无','18','信息与软件工程学院',2014,'国创','2017-04-30 00:08:52','2017-04-30 00:08:52','创新训练'),(1502,'Lenjoy大学生生活管家','刘扬','无','18','信息与软件工程学院',2014,'国创','2017-04-30 00:08:52','2017-04-30 00:08:52','创新训练'),(1503,'疯狂通讯录（Android）','陈晓波','无','18','信息与软件工程学院',2014,'国创','2017-04-30 00:08:52','2017-04-30 00:08:52','创新训练'),(1504,'智能家居','凌云志','无','18','信息与软件工程学院',2014,'国创','2017-04-30 00:08:52','2017-04-30 00:08:52','创新训练'),(1505,'基于Unity3D的针灸教学演示系','程世冲','无','18','信息与软件工程学院',2014,'国创','2017-04-30 00:08:52','2017-04-30 00:08:52','创新训练'),(1506,'基于自制小型激光雕刻机的变焦研究','吴炎桐','无','4','物理学院',2014,'国创','2017-04-30 00:08:52','2017-04-30 00:08:52','创新训练'),(1507,'农村学校布局调整中辍学学生成长状况的叙事研究','王语杨','无','4','物理学院',2014,'国创','2017-04-30 00:08:52','2017-04-30 00:08:52','创新训练'),(1508,'基于ZnO的薄膜体声波谐振器（FBAR)的微质量测量原理及样机设计','肖文丽','无','4','物理学院',2014,'国创','2017-04-30 00:08:52','2017-04-30 00:08:52','创新训练'),(1509,'仿生鱼尾海流发电装置研究','郭文杰','无','4','物理学院',2014,'国创','2017-04-30 00:08:52','2017-04-30 00:08:52','创新训练'),(1510,'通过光感位移传感器研究磁性弹簧振子振动图像','李涵墨','无','4','物理学院',2014,'国创','2017-04-30 00:08:52','2017-04-30 00:08:52','创新训练'),(1511,'初中物理课堂教学“情感态度与价值观”目标达成水平的调查研究','侯丽影','无','4','物理学院',2014,'国创','2017-04-30 00:08:52','2017-04-30 00:08:52','创新训练'),(1512,'基于蓝牙的中子管发生器控制台的设计','马栋宇','无','4','物理学院',2014,'国创','2017-04-30 00:08:52','2017-04-30 00:08:52','创新训练'),(1513,'中空纳米结构聚苯胺的设计生长与性能研究','黄磊','无','5','化学学院',2014,'国创','2017-04-30 00:08:52','2017-04-30 00:08:52','创新训练'),(1514,'发光金属有机骨架材料的合成及爆炸物传感研究','杜建锋','无','5','化学学院',2014,'国创','2017-04-30 00:08:52','2017-04-30 00:08:52','创新训练'),(1515,'银催化下炔叠氮化反应','周碧莹','无','5','化学学院',2014,'国创','2017-04-30 00:08:52','2017-04-30 00:08:52','创新训练'),(1516,'基于天然产物的磁性纳米粒子吸附剂的合成及应用','郝睿','无','5','化学学院',2014,'国创','2017-04-30 00:08:52','2017-04-30 00:08:52','创新训练'),(1517,'多金属氧酸盐固体催化剂的设计及过氧化氢氧化淀粉的性能研究','胡志运','无','5','化学学院',2014,'国创','2017-04-30 00:08:52','2017-04-30 00:08:52','创新训练'),(1518,'以氧化亚铜为反应型模板制备纳米聚合物材料','张天祎','无','5','化学学院',2014,'国创','2017-04-30 00:08:52','2017-04-30 00:08:52','创新训练'),(1519,'荧光性碳基纳米颗粒的制备及其在生物检测中的应用','王红莹','无','5','化学学院',2014,'国创','2017-04-30 00:08:52','2017-04-30 00:08:52','创新训练'),(1520,'SMAD4-SUMO1-AR复合物拮抗前列腺癌的分子机制研究','牛振华','无','6','生命科学学院',2014,'国创','2017-04-30 00:08:52','2017-04-30 00:08:52','创新训练'),(1521,'水稻多倍体应对重金属胁迫的分子机制','王勃','无','6','生命科学学院',2014,'国创','2017-04-30 00:08:52','2017-04-30 00:08:52','创新训练'),(1522,'水稻Aux/IAA转录因子OsIAA9对拟南芥生长素信号转导及生长\n发育的影响','李倩倩','无','6','生命科学学院',2014,'国创','2017-04-30 00:08:52','2017-04-30 00:08:52','创新训练'),(1523,'人参撂荒地微生物多样性分析','唐婕','无','6','生命科学学院',2014,'国创','2017-04-30 00:08:52','2017-04-30 00:08:52','创新训练'),(1524,'生物转化法制备人参多糖活性片段','胡晨星','无','6','生命科学学院',2014,'国创','2017-04-30 00:08:52','2017-04-30 00:08:52','创新训练'),(1525,'枯落物对草地群落结构的调节作用','韩诗源','无','6','生命科学学院',2014,'国创','2017-04-30 00:08:52','2017-04-30 00:08:52','创新训练'),(1526,'土壤化学计量学特征影响植物—丛枝菌根真菌共生关系的\n生态机制研究','游翠海','无','6','生命科学学院',2014,'国创','2017-04-30 00:08:52','2017-04-30 00:08:52','创新训练'),(1527,'长白山哈泥泥炭地苔藓资源竞争与化感作用调控机理','谷晓楠','无','7','地理科学学院',2014,'国创','2017-04-30 00:08:52','2017-04-30 00:08:52','创新训练'),(1528,'植物硅酸体与现代植被对应关系研究','冯滢瑛','无','7','地理科学学院',2014,'国创','2017-04-30 00:08:52','2017-04-30 00:08:52','创新训练'),(1529,'柳絮对水环境的影响','武睿昕','无','7','地理科学学院',2014,'国创','2017-04-30 00:08:52','2017-04-30 00:08:52','创新训练'),(1530,'长白山区典型泥炭沼泽成炭植物与水位的\n定量关系','韩征','无','7','地理科学学院',2014,'国创','2017-04-30 00:08:52','2017-04-30 00:08:52','创新训练'),(1531,'雨养泥炭记录的沼泽表面干湿动态及其对气候变化的响应','郑雪','无','7','地理科学学院',2014,'国创','2017-04-30 00:08:52','2017-04-30 00:08:52','创新训练'),(1532,'学生计时学习的互联网课堂','秦艳玲','无','7','地理科学学院',2014,'国创','2017-04-30 00:08:52','2017-04-30 00:08:52','创新训练'),(1533,'长白山火山灾害模拟及其损失模型评价研究','王珊斯','无','7','地理科学学院',2014,'国创','2017-04-30 00:08:52','2017-04-30 00:08:52','创新训练'),(1534,'改性氧化石墨烯对水中消毒副产物的\n控制研究','沙天泽','无','8','环境学院',2014,'国创','2017-04-30 00:08:52','2017-04-30 00:08:52','创新训练'),(1535,'基于暴露途径研究抗生素药物对小鼠的\n毒性机理','宁中华','无','8','环境学院',2014,'国创','2017-04-30 00:08:52','2017-04-30 00:08:52','创新训练'),(1536,'马铁菊头蝠交流声波的句法结构研究','李家亮','无','8','环境学院',2014,'国创','2017-04-30 00:08:52','2017-04-30 00:08:52','创新训练'),(1537,'再生水地下储存过程中悬浮颗粒物的迁移-沉积规律','马慧敏','无','8','环境学院',2014,'国创','2017-04-30 00:08:52','2017-04-30 00:08:52','创新训练'),(1538,'Cu2O量子点与TiO2光子晶体复合催化剂对酚类废水的降解研究','徐艳艳','无','8','环境学院',2014,'国创','2017-04-30 00:08:52','2017-04-30 00:08:52','创新训练'),(1539,'TiO2/HPA(BiVO4)复合膜光电催化性能研究','钱敏','无','8','环境学院',2014,'国创','2017-04-30 00:08:52','2017-04-30 00:08:52','创新训练'),(1540,'模拟太阳光催化降解典型的喹诺酮类抗生素研究','蔡琼瑶','无','8','环境学院',2014,'国创','2017-04-30 00:08:52','2017-04-30 00:08:52','创新训练'),(1541,'以东北师范大学为例探究八级拳对高校大学生身心健康的影响','孙冉','无','20','体育学院',2014,'国创','2017-04-30 00:08:52','2017-04-30 00:08:52','创新训练'),(1542,'长春市幼儿园体育设施现状研究','尹飞帆','无','20','体育学院',2014,'国创','2017-04-30 00:08:52','2017-04-30 00:08:52','创新训练'),(1543,'微信在高等学校校园文化建设中的应用研究——以长春高校为例','王韦翰','无','19','传媒科学学院',2014,'国创','2017-04-30 00:08:52','2017-04-30 00:08:52','创新训练'),(1544,'《基于慕课理念下的艺术类院校教学互动平台构建——以东北师范大学传媒科学学院教学互动平台构建为例》','鲁琦','无','19','传媒科学学院',2014,'国创','2017-04-30 00:08:52','2017-04-30 00:08:52','创新训练'),(1545,'满洲映画时期女性形象与文化传播研究—以李香兰为例','白冰清','无','19','传媒科学学院',2014,'国创','2017-04-30 00:08:52','2017-04-30 00:08:52','创新训练'),(1546,'新媒体环境下的高校德育创新研究','郑亦亭','无','19','传媒科学学院',2014,'国创','2017-04-30 00:08:52','2017-04-30 00:08:52','创新训练'),(1547,'艺陈商美','钟虞佳','无','3','商学院',2014,'国创','2017-04-30 00:08:52','2017-04-30 00:08:52','创业训练'),(1548,'东京梦华之豫见你主题文化餐厅','朱紫一','无','11','历史文化学院',2014,'国创','2017-04-30 00:08:52','2017-04-30 00:08:52','创业训练'),(1549,'声远文化传媒有限责任公司','陈欣然','无','19','传媒科学学院',2014,'国创','2017-04-30 00:08:52','2017-04-30 00:08:52','创业训练'),(1550,'昕伦摄影工作室','韩昕伦','无','14','美术学院',2014,'国创','2017-04-30 00:08:52','2017-04-30 00:08:52','创业训练'),(1551,'在东师建立全国各地特色小吃销售站点','王永芳','无','14','美术学院',2014,'国创','2017-04-30 00:08:52','2017-04-30 00:08:52','创业训练'),(1552,'线上线下艺卖行','孙亚妮','无','14','美术学院',2014,'国创','2017-04-30 00:08:52','2017-04-30 00:08:52','创业训练'),(1553,'研究DIY手工饰品的创业前景','魏玮','无','16','数学与统计学院',2014,'国创','2017-04-30 00:08:52','2017-04-30 00:08:52','创业训练'),(1554,'东师家教服务平台','李楠','无','16','数学与统计学院',2014,'国创','2017-04-30 00:08:52','2017-04-30 00:08:52','创业训练'),(1555,'富硒金花菜在吉林省的开发种植及相关产品的研制生产','金帝','无','6','生命科学学院',2014,'国创','2017-04-30 00:08:52','2017-04-30 00:08:52','创业训练'),(1556,'大艺术家服装设计有限公司','崔博','无','14','美术学院',2014,'国创','2017-04-30 00:08:52','2017-04-30 00:08:52','创业实践'),(1557,'城市暴雨积涝灾害应急辅助决策支持平台','郭恩亮','无','8','环境学院',2014,'国创','2017-04-30 00:08:52','2017-04-30 00:08:52','创业实践'),(1690,'以基因检测为基础的孤独症康复教育策略研究','宋伟','巨兴达','1','教育学部',2016,'国创','2017-04-30 00:14:43','2017-04-30 00:14:43','创新训练'),(1691,'奖赏对阈下知觉的影响','孟祥云','张秀玲','1','教育学部',2016,'国创','2017-04-30 00:14:43','2017-04-30 00:14:43','创新训练'),(1692,'区域义务教育质量监测的困境与出路——以X市为例','郭艳斌','梁红梅','1','教育学部',2016,'国创','2017-04-30 00:14:43','2017-04-30 00:14:43','创新训练'),(1693,'农村“天价”彩礼现象的调查与分析——以北方四个省份为例','牛聪敏','张桂英','2','政法学院',2016,'国创','2017-04-30 00:14:43','2017-04-30 00:14:43','创新训练'),(1694,'乡村教师流失原因及对策分析——基于武陵山片区四校质化研究','张晶','孙堂厚','2','政法学院',2016,'国创','2017-04-30 00:14:43','2017-04-30 00:14:43','创新训练'),(1695,'农村留守老人生活照料的多方协同服务机制研究——以长春农安县为例','杨梦云','刘桂芝','2','政法学院',2016,'国创','2017-04-30 00:14:43','2017-04-30 00:14:43','创新训练'),(1696,'大学生mooc学习发生程度调查——以长春市高校为例','崔雪','王以宁','2','政法学院',2016,'国创','2017-04-30 00:14:43','2017-04-30 00:14:43','创新训练'),(1697,'新型农村养老保险政策实施效果评价及其问题研究——以河南省4个县（区）为例','王芳','王相敏','9','经济学院',2016,'国创','2017-04-30 00:14:43','2017-04-30 00:14:43','创新训练'),(1698,'东北二次振兴视域下吉林省高校大学生就业流向影响因素及针对性策略研究','安紫瑶','刘力臻','9','经济学院',2016,'国创','2017-04-30 00:14:43','2017-04-30 00:14:43','创新训练'),(1699,'旅游精准扶贫的现状及问题研究','董艺婷','张秀英','9','经济学院',2016,'国创','2017-04-30 00:14:43','2017-04-30 00:14:43','创新训练'),(1700,'大学生返乡创业帮扶平台运营模式研究——基于长春市妇联“三融”平台的分析','陈诗琪','李雨停','9','经济学院',2016,'国创','2017-04-30 00:14:43','2017-04-30 00:14:43','创新训练'),(1701,'长春市城镇低龄老人再就业问题研究','孙晓婷','田巍','3','商学院',2016,'国创','2017-04-30 00:14:43','2017-04-30 00:14:43','创新训练'),(1702,'农民职业化现状及其对策研究——基于长春市不同农场的比较分析','沈约','王晓丹','3','商学院',2016,'国创','2017-04-30 00:14:43','2017-04-30 00:14:43','创新训练'),(1703,'基于风险管理视角的校园网络贷款规范化管理研究——以长春市为例','费帆','赵建立\n王晓丹','3','商学院',2016,'国创','2017-04-30 00:14:43','2017-04-30 00:14:43','创新训练'),(1704,'老龄化背景下高龄民工就近就业问题研究——基于长春市的调查','王慧敏','高万东王晓丹','3','商学院',2016,'国创','2017-04-30 00:14:43','2017-04-30 00:14:43','创新训练'),(1705,'《全唐诗》中反映我国东北地域的诗歌之辑录与研究','马宜军','张洪兴','10','文学院',2016,'国创','2017-04-30 00:14:43','2017-04-30 00:14:43','创新训练'),(1706,'文学史家的品格——孙中田教授学术研究述评','罗飞','吴景明','10','文学院',2016,'国创','2017-04-30 00:14:43','2017-04-30 00:14:43','创新训练'),(1707,'两岸高中语（国）文文言文教材对比研究——以人教版和翰林版为例','刘营','黄季鸿鞠焕文','10','文学院',2016,'国创','2017-04-30 00:14:43','2017-04-30 00:14:43','创新训练'),(1708,'东亚视域下琉球王国历史资料整理与研究——以《琉球王国汉文文献集成》史部（第七卷——第十五卷）为中心','赵阳','董灏智王屾','11','历史文化学院',2016,'国创','2017-04-30 00:14:43','2017-04-30 00:14:43','创新训练'),(1709,'成达师范与回教新文化运动关系探究','撒海涛','曲晓范','11','历史文化学院',2016,'国创','2017-04-30 00:14:43','2017-04-30 00:14:43','创新训练'),(1710,'关于建立专业化老年旅行社的可行性研究——以长春市为例','洪巴根那','韩宾娜','11','历史文化学院',2016,'国创','2017-04-30 00:14:43','2017-04-30 00:14:43','创新训练'),(1711,'师范类本科生新媒体素养的提升策略研究——以东北地区为例','姜英娜','鲍枫','12','外国语学院',2016,'国创','2017-04-30 00:14:43','2017-04-30 00:14:43','创新训练'),(1712,'文化符号变迁视角下关于知识青年人文精神的讨论——以七十年代美国与当代中国为例','王鸿泰','宋世彤','12','外国语学院',2016,'国创','2017-04-30 00:14:43','2017-04-30 00:14:43','创新训练'),(1713,'校园官方媒体满意度的影响因素研究——以东北师大校报为例','黄晨姿','张崇辉','12','外国语学院',2016,'国创','2017-04-30 00:14:43','2017-04-30 00:14:43','创新训练'),(1714,'音乐治疗在特殊教育中的实践研究（以自闭症为例）','刘璐','孙雷雷','13','音乐学院',2016,'国创','2017-04-30 00:14:43','2017-04-30 00:14:43','创新训练'),(1715,'古典吉他民族化的现状及其发展趋势','吴丹','刘天星','13','音乐学院',2016,'国创','2017-04-30 00:14:43','2017-04-30 00:14:43','创新训练'),(1716,'普通高校公共艺术教育现状及对策研究——以吉林省部分高校为例','柏慧','马丹','14','美术学院',2016,'国创','2017-04-30 00:14:43','2017-04-30 00:14:43','创新训练'),(1717,'网络约车对出租车行业的影响及对策研究——以长春市为例','杨天英阔','甄艳','14','美术学院',2016,'国创','2017-04-30 00:14:43','2017-04-30 00:14:43','创新训练'),(1718,'集体记忆与民族认同——基于摆手舞记忆的研究','张传运','王晶','15','马克思主义学部',2016,'国创','2017-04-30 00:14:43','2017-04-30 00:14:43','创新训练'),(1719,'村干部的成长机制及其优化策略研究——基于梨树县三乡十村的实证分析','刘艳','朱兴涛','15','马克思主义学部',2016,'国创','2017-04-30 00:14:43','2017-04-30 00:14:43','创新训练'),(1720,'当前吉林省农村婚俗中的价值观研究——以吉林省九台城子街为例','刘晓晓','史巍','15','马克思主义学部',2016,'国创','2017-04-30 00:14:43','2017-04-30 00:14:43','创新训练'),(1721,'HadamardWell-PosednessofAffine-PeriodicSolutionsforFractional-OrderDynamicalSystems','徐飞','高忆先','16','数学与统计学院',2016,'国创','2017-04-30 00:14:43','2017-04-30 00:14:43','创新训练'),(1722,'多项式亚正规算子对的传递性及分离性问题','庞世豪','段永江','16','数学与统计学院',2016,'国创','2017-04-30 00:14:43','2017-04-30 00:14:43','创新训练'),(1723,'李超三系上带有权的广义导子','刘宁','张庆成','16','数学与统计学院',2016,'国创','2017-04-30 00:14:43','2017-04-30 00:14:43','创新训练'),(1724,'大学生课堂使用手机行为调查及调控的APP设计与开发','李秀婷','赵蔚','17','计算机科学与\n信息技术学院',2016,'国创','2017-04-30 00:14:43','2017-04-30 00:14:43','创新训练'),(1725,'基于混合学习模式的ACM初级网络课程的设计与开发','郑思楠','陈晓慧','17','计算机科学与\n信息技术学院',2016,'国创','2017-04-30 00:14:43','2017-04-30 00:14:43','创新训练'),(1726,'Android系统的手机隐私保护软件的设计与实现','马旺旺','朱铁英','17','计算机科学与\n信息技术学院',2016,'国创','2017-04-30 00:14:43','2017-04-30 00:14:43','创新训练'),(1727,'基于java3d虚拟化学实验反应过程——以钠溶于水反映现象为例','徐心语','蒲东兵','17','计算机科学与\n信息技术学院',2016,'国创','2017-04-30 00:14:43','2017-04-30 00:14:43','创新训练'),(1728,'基于云平台的校园Exchange','高青','潘伟','18','信息与软件\n工程学院',2016,'国创','2017-04-30 00:14:43','2017-04-30 00:14:43','创新训练'),(1729,'ThinkerBar','党春睿','潘伟','18','信息与软件\n工程学院',2016,'国创','2017-04-30 00:14:43','2017-04-30 00:14:43','创新训练'),(1730,'Usmell','胡传文','潘伟','18','信息与软件\n工程学院',2016,'国创','2017-04-30 00:14:43','2017-04-30 00:14:43','创新训练'),(1731,'WeSend','陈依婷','潘伟','18','信息与软件\n工程学院',2016,'国创','2017-04-30 00:14:43','2017-04-30 00:14:43','创新训练'),(1732,'高性能光致变色复合膜的构筑及其偏振复用的近紫外线全息存储','李琳','付申成','4','物理学院',2016,'国创','2017-04-30 00:14:43','2017-04-30 00:14:43','创新训练'),(1733,'教学综合服务app设计与开发','郝家瑞','王连明','4','物理学院',2016,'国创','2017-04-30 00:14:43','2017-04-30 00:14:43','创新训练'),(1734,'碱土金属离子掺杂的NaYF4:Yb,Er@NaYF4核壳纳米结构的构筑及其光学性能研究','于雪晴','洪霞','4','物理学院',2016,'国创','2017-04-30 00:14:43','2017-04-30 00:14:43','创新训练'),(1735,'以果胶纳米纤维为有机框架的仿生骨组织工程支架的制备和性质研究','吴静雯','胡俊丽','4','物理学院',2016,'国创','2017-04-30 00:14:43','2017-04-30 00:14:43','创新训练'),(1736,'生物质基多孔碳材料的制备及其电化学性能研究','刘娟','周明','5','化学学院',2016,'国创','2017-04-30 00:14:43','2017-04-30 00:14:43','创新训练'),(1737,'皮肤接触式葡萄糖传感器研究','唐悦','齐斌','5','化学学院',2016,'国创','2017-04-30 00:14:43','2017-04-30 00:14:43','创新训练'),(1738,'基于可高效限制多硫化物溶解的硒化物设计高性能锂硫电池','于卓','张景萍','5','化学学院',2016,'国创','2017-04-30 00:14:43','2017-04-30 00:14:43','创新训练'),(1739,'克伦特罗的电化学物联网传感器敏感材料研究','崔淼','齐斌','5','化学学院',2016,'国创','2017-04-30 00:14:43','2017-04-30 00:14:43','创新训练'),(1740,'小麦进化过程中干旱抗性变异','李少强','杨春武','6','生命科学学院',2016,'国创','2017-04-30 00:14:43','2017-04-30 00:14:43','创新训练'),(1741,'长链非编码RNAGM2788在糖尿病肝脏葡萄糖代谢中的作用机制研究','任佳豪','陈政','6','生命科学学院',2016,'国创','2017-04-30 00:14:43','2017-04-30 00:14:43','创新训练'),(1742,'组蛋白去甲基化酶JMJ17在旱胁迫响应过程中的作用以及相关分子机制研究','杨玉竹','徐正一','6','生命科学学院',2016,'国创','2017-04-30 00:14:43','2017-04-30 00:14:43','创新训练'),(1743,'羊草草地氧化亚氮和甲烷排放对模拟二氧化碳升高和氮沉降的响应','周东浩','穆春生','6','生命科学学院',2016,'国创','2017-04-30 00:14:43','2017-04-30 00:14:43','创新训练'),(1744,'基于夜光遥感数据的1995-2016年辽中南城市群城市化进程研究','钱行健','瞿瑛','7','地理科学学院',2016,'国创','2017-04-30 00:14:43','2017-04-30 00:14:43','创新训练'),(1745,'泥炭地植物残体分解纬度地带性的生物地理学机制','刘媛媛','卜兆君','7','地理科学学院',2016,'国创','2017-04-30 00:14:43','2017-04-30 00:14:43','创新训练'),(1746,'长白山典型泥炭沼泽多指标记录的气候变化','王江静','赵红艳','7','地理科学学院',2016,'国创','2017-04-30 00:14:43','2017-04-30 00:14:43','创新训练'),(1747,'基于长时间序列遥感数据大尺度水稻估产研究——以东北地区为例','王美予','张洪岩赵建军','7','地理科学学院',2016,'国创','2017-04-30 00:14:43','2017-04-30 00:14:43','创新训练'),(1748,'再生水混凝残余物对其地下储存过程生物膜堵塞机制的影响探究','李安冉','周丹丹范伟','8','环境学院',2016,'国创','2017-04-30 00:14:43','2017-04-30 00:14:43','创新训练'),(1749,'马铁菊头蝠激进声波的句法结构与功能','秦朗','冯江刘颖','8','环境学院',2016,'国创','2017-04-30 00:14:43','2017-04-30 00:14:43','创新训练'),(1750,'人工湿地复合系统去除农药乙草胺的实验研究','牛少丹','边红枫','8','环境学院',2016,'国创','2017-04-30 00:14:43','2017-04-30 00:14:43','创新训练'),(1751,'基于微纳米气泡的二级出水深度处理技术研究','刘秋菊','霍明昕范伟','8','环境学院',2016,'国创','2017-04-30 00:14:43','2017-04-30 00:14:43','创新训练'),(1752,'“囚徒健身”的运动人体科学分析','程致远','张晓义','20','体育学院',2016,'国创','2017-04-30 00:14:43','2017-04-30 00:14:43','创新训练'),(1753,'虚拟现实技术（VR）应用的研究—以纪录片创作方面为例','王璐','郑军','19','传媒科学学院',2016,'国创','2017-04-30 00:14:43','2017-04-30 00:14:43','创新训练'),(1754,'基于新媒体的大学校园媒体转型研究','白译辰','张海','19','传媒科学学院',2016,'国创','2017-04-30 00:14:43','2017-04-30 00:14:43','创新训练'),(1755,'新媒介应用对长春市老年群体生活质量影响的调查研究','张国庆','黄松爱','19','传媒科学学院',2016,'国创','2017-04-30 00:14:43','2017-04-30 00:14:43','创新训练'),(1756,'“E菜篮子”涉农可追溯电商平台','王鹏飞','王以宁周志兴','19','传媒科学学院',2016,'国创','2017-04-30 00:14:43','2017-04-30 00:14:43','创业训练'),(1757,'长春市小小爱迪生教育科技有限公司','马英才','郑蕾芸郑红权','9','经济学院',2016,'国创','2017-04-30 00:14:43','2017-04-30 00:14:43','创业训练'),(1758,'無二原创设计工作室','肖杰','田巍\n王敏','14','美术学院',2016,'国创','2017-04-30 00:14:43','2017-04-30 00:14:43','创业训练'),(1759,'东师家教服务','王迪','郝立柱','16','数学与统计学院',2016,'国创','2017-04-30 00:14:43','2017-04-30 00:14:43','创业训练'),(1760,'东北师范大学校园文化用品和纪念品研制','张孟哲','李秀敏\n卢路','9','经济学院',2016,'国创','2017-04-30 00:14:43','2017-04-30 00:14:43','创业训练'),(1761,'“EEP”公益平台','冯致力','张继全\n赵轩\n盛家齐','8','环境学院',2016,'国创','2017-04-30 00:14:43','2017-04-30 00:14:43','创业训练'),(1762,'东北师范大学家教信息源的整合优化与相关APP的开发和运营','孟振伟','郝立柱','16','数学与统计学院',2016,'国创','2017-04-30 00:14:43','2017-04-30 00:14:43','创业训练'),(1763,'基于PM2.5净化的防霾驱霾产品研发与专利转化','肖婷婷','盛连喜','8','环境学院',2016,'国创','2017-04-30 00:14:43','2017-04-30 00:14:43','创业训练'),(1764,'CM映像工作室','谭健行','郑军董昕','2','政法学院',2016,'国创','2017-04-30 00:14:43','2017-04-30 00:14:43','创业实践'),(1765,'士力体育文化传播公司','李鹏辉','常益\n关博','20','体育学院',2016,'国创','2017-04-30 00:14:43','2017-04-30 00:14:43','创业实践'),(1766,'“时珍”——源自中国的特种啤酒','富安邦','李志坚张文忠','6','生命科学学院',2016,'国创','2017-04-30 00:14:43','2017-04-30 00:14:43','创业实践'),(1767,'智慧城市下的城市规划模型3D打印技术应用','常鹏','刘艾鑫\n卢建有','14','美术学院',2016,'国创','2017-04-30 00:14:43','2017-04-30 00:14:43','创业实践'),(1768,'变化觉察中的领域特异效应','何茵','无','1','教育学部',2015,'国创','2017-04-30 00:20:06','2017-04-30 00:20:06','创新训练'),(1769,'形声字加工中形旁对整字识别的作用：ERP研究','邹韵','无','1','教育学部',2015,'国创','2017-04-30 00:20:06','2017-04-30 00:20:06','创新训练'),(1770,'基于幸福人生需求的大学生性别教育调查研究——以某大学为例','聂宁','无','1','教育学部',2015,'国创','2017-04-30 00:20:06','2017-04-30 00:20:06','创新训练'),(1771,'东北地区模拟联合国活动现状及问题研究','张婷','无','2','政法学院',2015,'国创','2017-04-30 00:20:06','2017-04-30 00:20:06','创新训练'),(1772,'大学生参与社区志愿服务的多方合作机制研究——以长春市大学生为样本','祝文文','无','2','政法学院',2015,'国创','2017-04-30 00:20:06','2017-04-30 00:20:06','创新训练'),(1773,'弃婴安全岛：资金运作现状及对策分析\n——以哈尔滨、天津为例','金奕文','无','2','政法学院',2015,'国创','2017-04-30 00:20:06','2017-04-30 00:20:06','创新训练'),(1774,'对新型农村合作医疗保险制度实施效果的研究——以浙江省开化县为例','张逸冰','无','9','经济学院',2015,'国创','2017-04-30 00:20:06','2017-04-30 00:20:06','创新训练'),(1775,'大众参与股权众筹影响因素调查研究——基于“大家投”平台的分析','岳盈盈','无','9','经济学院',2015,'国创','2017-04-30 00:20:06','2017-04-30 00:20:06','创新训练'),(1776,'重庆市城郊农业用地使用权流转模式研究','王尧','无','9','经济学院',2015,'国创','2017-04-30 00:20:06','2017-04-30 00:20:06','创新训练'),(1777,'吉林省农村对P2P网贷公司小额贷款业务的需求研究','张永烁','无','3','商学院',2015,'国创','2017-04-30 00:20:06','2017-04-30 00:20:06','创新训练'),(1778,'城镇失独老人精神养老现状及对策研究——以长春市为例','徐焕娣','无','3','商学院',2015,'国创','2017-04-30 00:20:06','2017-04-30 00:20:06','创新训练'),(1779,'“互联网+”模式与大学生创业——基于长春市的调查','郭金纯','无','3','商学院',2015,'国创','2017-04-30 00:20:06','2017-04-30 00:20:06','创新训练'),(1780,'杜甫诗歌中的植物意象研究','何文兵','无','10','文学院',2015,'国创','2017-04-30 00:20:06','2017-04-30 00:20:06','创新训练'),(1781,'优秀传统文化元素融入初中古诗文教学的调查研究——以长春市部分初中学校为例','王彤','无','10','文学院',2015,'国创','2017-04-30 00:20:06','2017-04-30 00:20:06','创新训练'),(1782,'高校内跨文化人际传播现状调研——以东三省部分高校留学生群体为例','张雅凌','无','10','文学院',2015,'国创','2017-04-30 00:20:06','2017-04-30 00:20:06','创新训练'),(1783,'《大学衍义补》明中期社会弊病的审视','李新','无','11','历史文化学院',2015,'国创','2017-04-30 00:20:06','2017-04-30 00:20:06','创新训练'),(1784,'孔子诗情、史意及其在《诗》学脉络中的传承','代彪','无','11','历史文化学院',2015,'国创','2017-04-30 00:20:06','2017-04-30 00:20:06','创新训练'),(1785,'觉醒与崛起——近代沈阳纪念性建筑遗存研究及利用方式初探','初楠楠','无','11','历史文化学院',2015,'国创','2017-04-30 00:20:06','2017-04-30 00:20:06','创新训练'),(1786,'以语篇为导向的批评性话语分析视角下中国英文新闻媒体与英语国家英文新闻媒体关于灾难报道的对比研究——以ChinaDaily和BBC为例','王丹','无','12','外国语学院',2015,'国创','2017-04-30 00:20:06','2017-04-30 00:20:06','创新训练'),(1787,'功能语言学视阈下英语专业大学生对话中语码转换功能分析','刘天琦','无','12','外国语学院',2015,'国创','2017-04-30 00:20:06','2017-04-30 00:20:06','创新训练'),(1788,'基于需求分析的商务英语课程设置研究','洪傲然','无','12','外国语学院',2015,'国创','2017-04-30 00:20:06','2017-04-30 00:20:06','创新训练'),(1789,'音乐智能分析在钢琴识谱中的应用','姜颖','无','13','音乐学院',2015,'国创','2017-04-30 00:20:06','2017-04-30 00:20:06','创新训练'),(1790,'校园设计行业发展的研究与创新——以墨竹设计工作室为例','冯世聪','无','14','美术学院',2015,'国创','2017-04-30 00:20:06','2017-04-30 00:20:06','创新训练'),(1791,'口腔医疗机构的环境艺术设计研究','尚铭洋','无','14','美术学院',2015,'国创','2017-04-30 00:20:06','2017-04-30 00:20:06','创新训练'),(1792,'吉林省社会工作机构的发展困境及对策研究','周惠容','无','15','马克思主义学部',2015,'国创','2017-04-30 00:20:06','2017-04-30 00:20:06','创新训练'),(1793,'高校红色社团精品活动的实效性研究——以长春市4所高校红色社团为例','李乐','无','15','马克思主义学部',2015,'国创','2017-04-30 00:20:06','2017-04-30 00:20:06','创新训练'),(1794,'新型农村合作社的内部治理结构及其优化策略研究','马瑜寅','无','15','马克思主义学部',2015,'国创','2017-04-30 00:20:06','2017-04-30 00:20:06','创新训练'),(1795,'分数阶微分方程动力学行为研究','李金玉','无','16','数学与统计学院',2015,'国创','2017-04-30 00:20:06','2017-04-30 00:20:06','创新训练'),(1796,'ω-李代数的自同构和导子代数','张子平','无','16','数学与统计学院',2015,'国创','2017-04-30 00:20:06','2017-04-30 00:20:06','创新训练'),(1797,'利用基数对等构造填满空间的曲线','薛燕','无','16','数学与统计学院',2015,'国创','2017-04-30 00:20:06','2017-04-30 00:20:06','创新训练'),(1798,'哈密尔顿特征值问题结构化分量型扰动的分析','赵健','无','16','数学与统计学院',2015,'国创','2017-04-30 00:20:06','2017-04-30 00:20:06','创新训练'),(1799,'基于Android的学校图书馆推荐系统','徐坤','无','17','计算机科学与信息技术学院',2015,'国创','2017-04-30 00:20:06','2017-04-30 00:20:06','创新训练'),(1800,'Android应用程序静默安装行为动态拦截的设计与实现','王露芝','无','17','计算机科学与信息技术学院',2015,'国创','2017-04-30 00:20:06','2017-04-30 00:20:06','创新训练'),(1801,'高校移动图书馆用户满意度研究','宁子晨','无','17','计算机科学与信息技术学院',2015,'国创','2017-04-30 00:20:06','2017-04-30 00:20:06','创新训练'),(1802,'基于安卓系统的在线教育APP的设计及开发','田雅慧','无','17','计算机科学与信息技术学院',2015,'国创','2017-04-30 00:20:06','2017-04-30 00:20:06','创新训练'),(1803,'基于体感交互的安全教育系统','韩锦荣','无','18','信息与软件工程学院',2015,'国创','2017-04-30 00:20:06','2017-04-30 00:20:06','创新训练'),(1804,'基于Bluetooth的大型商场服务系统','周健','无','18','信息与软件工程学院',2015,'国创','2017-04-30 00:20:06','2017-04-30 00:20:06','创新训练'),(1805,'基于Android的出勤率监督系统','游欣达','无','18','信息与软件工程学院',2015,'国创','2017-04-30 00:20:06','2017-04-30 00:20:06','创新训练'),(1806,'基于NFC的校园一卡通','汪潜鳞','无','18','信息与软件工程学院',2015,'国创','2017-04-30 00:20:06','2017-04-30 00:20:06','创新训练'),(1807,'基于物联网的大气检测及报警装置','徐圣杰','无','4','物理学院',2015,'国创','2017-04-30 00:20:06','2017-04-30 00:20:06','创新训练'),(1808,'微型音乐喷泉','李建康','无','4','物理学院',2015,'国创','2017-04-30 00:20:06','2017-04-30 00:20:06','创新训练'),(1809,'沼气池冬季持续产气解决方案——太阳能+热管辅热系统','龚佳敏','无','4','物理学院',2015,'国创','2017-04-30 00:20:06','2017-04-30 00:20:06','创新训练'),(1810,'基于氧化石墨烯的阻变存储器制备和性能研究','周子琳','无','4','物理学院',2015,'国创','2017-04-30 00:20:06','2017-04-30 00:20:06','创新训练'),(1811,'基于点击化学的电化学生物传感器的构建及性能评价','梁羽佳','无','5','化学学院',2015,'国创','2017-04-30 00:20:06','2017-04-30 00:20:06','创新训练'),(1812,'第二、三类易制毒化学品的电化学预检技术研究','赵曼竹','无','5','化学学院',2015,'国创','2017-04-30 00:20:06','2017-04-30 00:20:06','创新训练'),(1813,'上转换纳米材料的制备及在潜指纹显现中的应用','张筱琳','无','5','化学学院',2015,'国创','2017-04-30 00:20:06','2017-04-30 00:20:06','创新训练'),(1814,'新型金纳米星-介孔二氧化硅双面神纳米粒子的合成及其性能研究','符丹丹','无','5','化学学院',2015,'国创','2017-04-30 00:20:06','2017-04-30 00:20:06','创新训练'),(1815,'多倍体小麦进化过程中氮代谢相关酶活性变化','杨兰','无','6','生命科学学院',2015,'国创','2017-04-30 00:20:06','2017-04-30 00:20:06','创新训练'),(1816,'蛋白质PAR化通过mRNA结合蛋白HuB调节促炎基因表达的机制研究','王雪婷','无','6','生命科学学院',2015,'国创','2017-04-30 00:20:06','2017-04-30 00:20:06','创新训练'),(1817,'杂交种和异源多倍体水稻中Rubisco蛋白酶基因转录和蛋白表达水平的核质协同进化','申坤','无','6','生命科学学院',2015,'国创','2017-04-30 00:20:06','2017-04-30 00:20:06','创新训练'),(1818,'榆紫叶甲嗅觉感受蛋白的表达纯化研究','雒雯琦','无','6','生命科学学院',2015,'国创','2017-04-30 00:20:06','2017-04-30 00:20:06','创新训练'),(1819,'基于植硅体分析的昂昂溪文化期古人类生存环境的复原与重建——以洪河遗址为例','刘旭','无','36','地理学院',2015,'国创','2017-04-30 00:20:06','2017-04-30 00:20:06','创新训练'),(1820,'长白山西麓泥炭沼泽地表湿度变化及其主控因素','邵佳怡','无','36','地理学院',2015,'国创','2017-04-30 00:20:06','2017-04-30 00:20:06','创新训练'),(1821,'吉林省黑土区小流域地表径流氮磷流失特征研究','孔嘉鑫','无','36','地理学院',2015,'国创','2017-04-30 00:20:06','2017-04-30 00:20:06','创新训练'),(1822,'吉林省典型地区土壤肥力与其偏振高光谱关系研究','王凌志','无','36','地理学院',2015,'国创','2017-04-30 00:20:06','2017-04-30 00:20:06','创新训练'),(1823,'水网藻对富营养化水体中优势藻的抑制作用及其利用','宇航','无','8','环境学院',2015,'国创','2017-04-30 00:20:06','2017-04-30 00:20:06','创新训练'),(1824,'磁性载体处理酸性镀铜废水的长效运行可行性探究','马玉佩','无','8','环境学院',2015,'国创','2017-04-30 00:20:06','2017-04-30 00:20:06','创新训练'),(1825,'再生水地下储存过程中微生物在饱和多孔介质中的迁移机制——以枯草芽孢杆菌孢子为例','王圣囡','无','8','环境学院',2015,'国创','2017-04-30 00:20:06','2017-04-30 00:20:06','创新训练'),(1826,'邻苯二甲酸酯光电催化降解研究','王若驹','无','8','环境学院',2015,'国创','2017-04-30 00:20:06','2017-04-30 00:20:06','创新训练'),(1827,'《伪满体育考略》','王立文','无','20','体育学院',2015,'国创','2017-04-30 00:20:06','2017-04-30 00:20:06','创新训练'),(1828,'体育院系特色俱乐部项目实施与成效的考量——以东北师范大学体育学院为例','王松','无','20','体育学院',2015,'国创','2017-04-30 00:20:06','2017-04-30 00:20:06','创新训练'),(1829,'长春市中小学校园足球联赛开展现状及对策研究','吴明昌','无','20','体育学院',2015,'国创','2017-04-30 00:20:06','2017-04-30 00:20:06','创新训练'),(1830,'跳蚤市场微信平台的研制与开发研究','李典','无','19','传媒科学学院',2015,'国创','2017-04-30 00:20:06','2017-04-30 00:20:06','创新训练'),(1831,'当代大学生视听文化素养的培养战略研究——以东北地区大学生为例','宋蕊','无','19','传媒科学学院',2015,'国创','2017-04-30 00:20:06','2017-04-30 00:20:06','创新训练'),(1832,'电影中主题曲的运用研究——以日本电影为例','张皖雄','无','19','传媒科学学院',2015,'国创','2017-04-30 00:20:06','2017-04-30 00:20:06','创新训练'),(1833,'HugeGossip传媒有限公司','宋一','无','19','传媒科学学院',2015,'国创','2017-04-30 00:20:06','2017-04-30 00:20:06','创业训练'),(1834,'小白鸽家园通APP家校平台','杨顺涛','无','16','数学与统计学院',2015,'国创','2017-04-30 00:20:06','2017-04-30 00:20:06','创业训练'),(1835,'东师交易服务平台','王卓','无','12','外国语学院',2015,'国创','2017-04-30 00:20:06','2017-04-30 00:20:06','创业训练'),(1836,'醉赤壁明信片工作室','徐昕','无','3','商学院',2015,'国创','2017-04-30 00:20:06','2017-04-30 00:20:06','创业训练'),(1837,'奶牛食堂送餐','于天野','无','4','物理学院',2015,'国创','2017-04-30 00:20:06','2017-04-30 00:20:06','创业训练'),(1838,'长春市迈极客文化传播有限公司','邹旭','无','19','传媒科学学院',2015,'国创','2017-04-30 00:20:06','2017-04-30 00:20:06','创业实践'),(1839,'幼儿教师对幼儿进行激励性评价的现状研究——以长春市为例','罗芮','姚伟','1','教育学部',2016,'科研','2017-04-30 00:22:40','2017-04-30 00:22:40','本科生项目（重点）'),(1840,'感知风险与消费方式对购买意愿的影响：不安全感的调节作用','梁凯悦','王萍萍','1','教育学部',2016,'科研','2017-04-30 00:22:40','2017-04-30 00:22:40','本科生项目（重点）'),(1841,'幼儿园家长委员会运行现状及策略研究——以长春市为例','郭新宇','于冬青','1','教育学部',2016,'科研','2017-04-30 00:22:40','2017-04-30 00:22:40','本科生项目（重点）'),(1842,'奖赏对视觉非随意注意的影响：ERP研究','潘如','张秀玲','1','教育学部',2016,'科研','2017-04-30 00:22:40','2017-04-30 00:22:40','本科生项目（重点）'),(1843,'长春市高校“红色理论”社团发展现状、问题及对策研究\n——以东北师范大学与吉林大学为例','王晓晨','陈前','2','政法学院',2016,'科研','2017-04-30 00:22:40','2017-04-30 00:22:40','本科生项目（重点）'),(1844,'长春市初中生参与课外补习现状、问题及对策研究\n——以XX中学为个案研究','姚晓昕','杨弘','2','政法学院',2016,'科研','2017-04-30 00:22:40','2017-04-30 00:22:40','本科生项目（重点）'),(1845,'农村单亲儿童教育研究——影响农村单亲大学生健康成长的关键因素分析','苏玉娟','张桂英','2','政法学院',2016,'科研','2017-04-30 00:22:40','2017-04-30 00:22:40','本科生项目（重点）'),(1846,'东北地区大学生支农社团发展现状、问题及对策研究','李行','王彦','2','政法学院',2016,'科研','2017-04-30 00:22:40','2017-04-30 00:22:40','本科生项目（重点）'),(1847,'基于意见挖掘技术的网购评论研究','黄麒','王晓丹','3','商学院',2016,'科研','2017-04-30 00:22:40','2017-04-30 00:22:40','本科生项目（重点）'),(1848,'大学周边灵活就业群体的特征及结构调查','欧慧敏','吕康银','3','商学院',2016,'科研','2017-04-30 00:22:40','2017-04-30 00:22:40','本科生项目（重点）'),(1849,'我国养老服务产业存在的问题和对策研究','袁忻忻','韩俊江','3','商学院',2016,'科研','2017-04-30 00:22:40','2017-04-30 00:22:40','本科生项目（重点）'),(1850,'乡村旅游推动农村产业结构优化分析-以陕西省西乡县为例','孙晓婷','田巍','3','商学院',2016,'科研','2017-04-30 00:22:40','2017-04-30 00:22:40','本科生项目（重点）'),(1851,'基于中子标记检测法对检测墙体内爆炸物的研究','杜良聪','景士伟','4','物理学院',2016,'科研','2017-04-30 00:22:40','2017-04-30 00:22:40','本科生项目（重点）'),(1852,'门铃遥感震动装置的研制','姚蔚','王双维','4','物理学院',2016,'科研','2017-04-30 00:22:40','2017-04-30 00:22:40','本科生项目（重点）'),(1853,'C语言程序评测系统的开发与研究','赵阳','孟艳丽','4','物理学院',2016,'科研','2017-04-30 00:22:40','2017-04-30 00:22:40','本科生项目（重点）'),(1854,'双面神结构金纳米棒@聚丙烯酸/介孔SiO2的可控制备及性能研究','陈艺丹','王春刚','5','化学学院',2016,'科研','2017-04-30 00:22:40','2017-04-30 00:22:40','本科生项目（重点）'),(1855,'超薄g-C3N4纳米片负载Ag2WO4纳米粒子的制备及其光催化性能研究','许金慧','邢艳','5','化学学院',2016,'科研','2017-04-30 00:22:40','2017-04-30 00:22:40','本科生项目（重点）'),(1856,'基于重氮化合物和各种亲核体的亲电加成反应的研究','李斌','赵玉龙','5','化学学院',2016,'科研','2017-04-30 00:22:40','2017-04-30 00:22:40','本科生项目（重点）'),(1857,'纳米级MOF担载型多金属氧酸盐催化剂的制备和催化性能的研究','刘月','刘术侠','5','化学学院',2016,'科研','2017-04-30 00:22:40','2017-04-30 00:22:40','本科生项目（重点）'),(1858,'丛枝菌根真菌介导的草地有毒植物瑞香狼毒与羊草的种间竞争与机制的研究','朱昕睿','邢福','6','生命科学学院',2016,'科研','2017-04-30 00:22:40','2017-04-30 00:22:40','本科生项目（重点）'),(1859,'红松与偃松的比较亲缘地理学研究','曹外芳','肖洪兴','6','生命科学学院',2016,'科研','2017-04-30 00:22:40','2017-04-30 00:22:40','本科生项目（重点）'),(1860,'Netrin-1组织特异性基因敲除鼠模型的建立及初步应用','付颖','朱筱娟','6','生命科学学院',2016,'科研','2017-04-30 00:22:40','2017-04-30 00:22:40','本科生项目（重点）'),(1861,'高温修饰果胶的体内抗肿瘤活性研究','张鑫鑫','台桂花','6','生命科学学院',2016,'科研','2017-04-30 00:22:40','2017-04-30 00:22:40','本科生项目（重点）'),(1862,'东北主要农作物——玉米植硅体的分布特征及对自身抗逆性的响应','张鸿鹏','介冬梅','7','地理科学学院',2016,'科研','2017-04-30 00:22:40','2017-04-30 00:22:40','本科生项目（重点）'),(1863,'资源枯竭型城市收缩的演变因素及影响效应分析——以长春市九台区为例','彭思尧','刘艳军','7','地理科学学院',2016,'科研','2017-04-30 00:22:40','2017-04-30 00:22:40','本科生项目（重点）'),(1864,'吉氏贪铜菌CR3生物膜对铜的吸附特性与机理研究','李子阳','王小雨','8','环境学院',2016,'科研','2017-04-30 00:22:40','2017-04-30 00:22:40','本科生项目（重点）'),(1865,'环境噪声对大蹄蝠激进叫声的影响研究','郑金阳','江廷磊','8','环境学院',2016,'科研','2017-04-30 00:22:40','2017-04-30 00:22:40','本科生项目（重点）'),(1866,'自清洁抗污染TiO2纳米管/聚芳醚砜杂化超滤膜的制备及性能研究','季浩','耿直','8','环境学院',2016,'科研','2017-04-30 00:22:40','2017-04-30 00:22:40','本科生项目（重点）'),(1867,'藻的资源化及其对水中重金属的去除研究','黄颖','杨武','8','环境学院',2016,'科研','2017-04-30 00:22:40','2017-04-30 00:22:40','本科生项目（重点）'),(1868,'我国分级诊疗制度推进效果调查研究--基于上海市“1+1+1”医疗模式的分析','仇治','史桂芬','9','经济学院',2016,'科研','2017-04-30 00:22:40','2017-04-30 00:22:40','本科生项目（重点）'),(1869,'“医养结合”养老模式运行现状及问题研究--基于黑龙江省相关试点单位的调查','毕铭','甄艳','9','经济学院',2016,'科研','2017-04-30 00:22:40','2017-04-30 00:22:40','本科生项目（一般）'),(1870,'辽宁省葫芦岛市建昌县旅游精准扶贫的现状及问题研究','汪晴晴','张秀英','9','经济学院',2016,'科研','2017-04-30 00:22:40','2017-04-30 00:22:40','本科生项目（一般）'),(1871,'小学书法教学现状研究----以长春市区为例','洪琳佳','高长山','10','文学院',2016,'科研','2017-04-30 00:22:40','2017-04-30 00:22:40','本科生项目（一般）'),(1872,'金仁顺《春香》对《春香传》的接受与改写研究','田芮','李明彦','10','文学院',2016,'科研','2017-04-30 00:22:40','2017-04-30 00:22:40','本科生项目（一般）'),(1873,'微媒体对高校形象塑造的作用----以东北师范大学为例','邵碧鹏','马晓虹','10','文学院',2016,'科研','2017-04-30 00:22:40','2017-04-30 00:22:40','本科生项目（一般）'),(1874,'早期改良派知识分子“近代国家”认识的形成——以王韬为例','李丹阳','董灏智','11','历史文化学院',2016,'科研','2017-04-30 00:22:40','2017-04-30 00:22:40','本科生项目（重点）'),(1875,'载沣监国时的满汉关系调适','肖建忠','曲晓范','11','历史文化学院',2016,'科研','2017-04-30 00:22:40','2017-04-30 00:22:40','本科生项目（一般）'),(1876,'从实用主义角度剖析荀子“性恶论”','赵阳','刘芮方','11','历史文化学院',2016,'科研','2017-04-30 00:22:40','2017-04-30 00:22:40','本科生项目（一般）'),(1877,'普通话标准程度对高校英语师范专业学生英语口语表达能力的自我效能感影响的调查研究','李卓然','曲英梅','12','外国语学院',2016,'科研','2017-04-30 00:22:40','2017-04-30 00:22:40','本科生项目（一般）'),(1878,'以《荒野猎人》和《房间》为例-研究借鉴西方电影改编的成功经验','李镕杉','宋世彤','12','外国语学院',2016,'科研','2017-04-30 00:22:40','2017-04-30 00:22:40','本科生项目（一般）'),(1879,'高校学生消费行为特征与电子商务发展趋势相互影响的研究','王子璇','李立欣','12','外国语学院',2016,'科研','2017-04-30 00:22:40','2017-04-30 00:22:40','本科生项目（一般）'),(1880,'图书网站用户界面设计对消费者购物体验影响的对比研究——以当当网和亚马逊网为例','秦寒','张艳波、刘科成','12','外国语学院',2016,'科研','2017-04-30 00:22:40','2017-04-30 00:22:40','本科生项目（一般）'),(1881,'校园跨界演唱形式的实践探索','李美楠','金顺爱','13','音乐学院',2016,'科研','2017-04-30 00:22:40','2017-04-30 00:22:40','本科生项目（一般）'),(1882,'高校舞蹈创作的地域性特点及其价值研究——以第九届全国舞蹈比赛获奖作品为例','李响如意','周宏','13','音乐学院',2016,'科研','2017-04-30 00:22:40','2017-04-30 00:22:40','本科生项目（一般）'),(1883,'APP应用软件对儿童钢琴学习的促进作用调查研究','橐思宇','刘欣','13','音乐学院',2016,'科研','2017-04-30 00:22:40','2017-04-30 00:22:40','本科生项目（一般）'),(1884,'普通高校公共艺术教育现状及对策研究——以吉林省部分高校为例','柏慧','马丹','14','美术学院',2016,'科研','2017-04-30 00:22:40','2017-04-30 00:22:40','本科生项目（一般）'),(1885,'合作学习在小学美术“综合探索”学习领域中的应用研究','葛欣萌','潘宏艳','14','美术学院',2016,'科研','2017-04-30 00:22:40','2017-04-30 00:22:40','本科生项目（一般）'),(1886,'美术学院毕业生就业现状调研及路径分析——以东北师范大学美术学院为例','樊晓明','张庆平','14','美术学院',2016,'科研','2017-04-30 00:22:40','2017-04-30 00:22:40','本科生项目（一般）'),(1887,'微信朋友圈信息对大学生价值观影响及应对实证研究——以东北师范大学为例','李梓瑞','康秀云','15','马克思主义学部',2016,'科研','2017-04-30 00:22:40','2017-04-30 00:22:40','本科生项目（重点）'),(1888,'农村转型发展视野中的家庭养老伦理观念变革研究——以长春市陈家店村为例','刘艳','隋思喜','15','马克思主义学部',2016,'科研','2017-04-30 00:22:40','2017-04-30 00:22:40','本科生项目（一般）'),(1889,'乡村精英在新型农村合作社发展中的作用机制研究','王向阳','朱兴涛','15','马克思主义学部',2016,'科研','2017-04-30 00:22:40','2017-04-30 00:22:40','本科生项目（一般）'),(1890,'道德理由：内在主义与外在主义的批判性研究','刘秋静','庞立生\n田冠浩','15','马克思主义学部',2016,'科研','2017-04-30 00:22:40','2017-04-30 00:22:40','本科生项目（一般）'),(1891,'SolutionofFractionalDifferentialEquations','秦丽','高忆先','16','数学与统计学院',2016,'科研','2017-04-30 00:22:40','2017-04-30 00:22:40','本科生项目（重点）'),(1892,'交换半环上半线性空间矩阵性质','罗文欣','陈良云','16','数学与统计学院',2016,'科研','2017-04-30 00:22:40','2017-04-30 00:22:40','本科生项目（重点）'),(1893,'变系数扩散问题的优化施瓦兹波形松弛算法研究','李旭','徐英祥','16','数学与统计学院',2016,'科研','2017-04-30 00:22:40','2017-04-30 00:22:40','本科生项目（一般）'),(1894,'动态几何技术在中学教学中的应用','王升峰','裴东河','16','数学与统计学院',2016,'科研','2017-04-30 00:22:40','2017-04-30 00:22:40','本科生项目（一般）'),(1895,'小型家用服务机器人的设计与实现','冀芒来','刘淑华','17','计算机科学与信息技术学院',2016,'科研','2017-04-30 00:22:40','2017-04-30 00:22:40','本科生项目（重点）'),(1896,'O2O模式的校园二手书的交易及推荐服务系统','申芳瑜','张邦佐','17','计算机科学与信息技术学院',2016,'科研','2017-04-30 00:22:40','2017-04-30 00:22:40','本科生项目（重点）'),(1897,'基于混合学习的ACM初级网络课程开发与研究','罗磊','陈晓慧','17','计算机科学与信息技术学院',2016,'科研','2017-04-30 00:22:40','2017-04-30 00:22:40','本科生项目（一般）'),(1898,'个性化移动学习平台设计研发——以现代教育技术课程为例','郑佳琦','张利彪','17','计算机科学与信息技术学院',2016,'科研','2017-04-30 00:22:40','2017-04-30 00:22:40','本科生项目（一般）'),(1899,'基于Java3D虚拟化学实验的实现——以硫酸和氯化钡反应为例','宋艳萍','蒲东兵','17','计算机科学与信息技术学院',2016,'科研','2017-04-30 00:22:40','2017-04-30 00:22:40','本科生项目（一般）'),(1900,'基于Andriod的儿童识字辅助APP','郑时威','潘伟','18','信息与软件工程学院',2016,'科研','2017-04-30 00:22:40','2017-04-30 00:22:40','本科生项目（重点）'),(1901,'QueueOnline','张俊余','潘伟','18','信息与软件工程学院',2016,'科研','2017-04-30 00:22:40','2017-04-30 00:22:40','本科生项目（重点）'),(1902,'基于Android的二维虚拟试衣','包迪','郑晓娟','18','信息与软件工程学院',2016,'科研','2017-04-30 00:22:40','2017-04-30 00:22:40','本科生项目（一般）'),(1903,'建筑内部的消防导航系统','唐恬静','潘伟','18','信息与软件工程学院',2016,'科研','2017-04-30 00:22:40','2017-04-30 00:22:40','本科生项目（一般）'),(1904,'基于Android的高校通','周开颜','潘伟','18','信息与软件工程学院',2016,'科研','2017-04-30 00:22:40','2017-04-30 00:22:40','本科生项目（一般）'),(1905,'师范类大学生新媒体素养的提升策略研究—以东北师范大学本科生为例','王铭扬','鲍枫','19','传媒科学学院',2016,'科研','2017-04-30 00:22:40','2017-04-30 00:22:40','本科生项目（一般）'),(1906,'微信公众号对高校品牌形象塑造的策略分析研究','李朝霞','张海','19','传媒科学学院',2016,'科研','2017-04-30 00:22:40','2017-04-30 00:22:40','本科生项目（一般）'),(1907,'基于微信公众平台的大学生群体碎片化阅读行为研究--以东北师范大学学生为例','陈景云','张淑燕','19','传媒科学学院',2016,'科研','2017-04-30 00:22:40','2017-04-30 00:22:40','本科生项目（一般）'),(1908,'广场舞与大众健美操的比较研究','刘沿飞','王松涛','20','体育学院',2016,'科研','2017-04-30 00:22:40','2017-04-30 00:22:40','本科生项目（一般）'),(1909,'基于政府行为的自然风景区可持续经营管理模式研究','高琦','无','9','经济学院',2015,'科研','2017-04-30 00:24:10','2017-04-30 00:24:10','本科生项目（一般）'),(1910,'大众参与“大家投”平台股权众筹影响因素的调查研究','周红','无','9','经济学院',2015,'科研','2017-04-30 00:24:10','2017-04-30 00:24:10','本科生项目（一般）'),(1911,'金融专硕毕业生及用人单位对硕士课程设置反馈的调查研究——以长春市为例','贺嘉雯','无','9','经济学院',2015,'科研','2017-04-30 00:24:10','2017-04-30 00:24:10','本科生项目（一般）'),(1912,'全面禁伐后东北林区经济转型研究──以吉林省泉阳林区为例','李萌','无','9','经济学院',2015,'科研','2017-04-30 00:24:10','2017-04-30 00:24:10','本科生项目（一般）'),(1913,'从需求角度分析新型农村合作医疗保险制度的实施效果——以吉林省扶余县为例','袁欣宇','无','9','经济学院',2015,'科研','2017-04-30 00:24:10','2017-04-30 00:24:10','本科生项目（一般）'),(1914,'鲁迅文学奖城乡题材短篇小说的思想价值初探——从叙事情节、隐含作者、叙述视角入手','许哲','无','10','文学院',2015,'科研','2017-04-30 00:24:10','2017-04-30 00:24:10','本科生项目（一般）'),(1915,'古文字字形在小学汉字教学中的应用研究','刘雨奇','无','10','文学院',2015,'科研','2017-04-30 00:24:10','2017-04-30 00:24:10','本科生项目（一般）'),(1916,'高中语文读本中我国戏剧作品发展概况研究','陈智华','无','10','文学院',2015,'科研','2017-04-30 00:24:10','2017-04-30 00:24:10','本科生项目（一般）'),(1917,'媒介融合背景下吉林省高校新闻学专业学生素质培养现状及对策研究','王鹤静','无','10','文学院',2015,'科研','2017-04-30 00:24:10','2017-04-30 00:24:10','本科生项目（一般）'),(1918,'中国现代派小说文本与其电影改编的比较研究','武文斌','无','10','文学院',2015,'科研','2017-04-30 00:24:10','2017-04-30 00:24:10','本科生项目（一般）'),(1919,'民初舆论中对外国女性形象的不同解读——以1915-1920年的《妇女杂志》为例','王雅静','无','11','历史文化学院',2015,'科研','2017-04-30 00:24:10','2017-04-30 00:24:10','本科生项目（一般）'),(1920,'“自言”——对秦汉时期“下情上达”基本方式的探究','高瑾','无','11','历史文化学院',2015,'科研','2017-04-30 00:24:10','2017-04-30 00:24:10','本科生项目（一般）'),(1921,'孔子诗情、史意及其在《诗》学脉络中的传承','黄月','无','11','历史文化学院',2015,'科研','2017-04-30 00:24:10','2017-04-30 00:24:10','本科生项目（一般）'),(1922,'考察《益世报》报道的老西开事件','赵静贤','无','11','历史文化学院',2015,'科研','2017-04-30 00:24:10','2017-04-30 00:24:10','本科生项目（一般）'),(1923,'永吉缸窑陶业历史沿革及遗存保护研究','单丽','无','11','历史文化学院',2015,'科研','2017-04-30 00:24:10','2017-04-30 00:24:10','本科生项目（一般）'),(1924,'构式语法视阈下中国大学生英语习语习得研究','张月','无','12','外国语学院',2015,'科研','2017-04-30 00:24:10','2017-04-30 00:24:10','本科生项目（一般）'),(1925,'高考语法填空新题型下长春市高二学生语法学习方法现状及应对策略研究','支艺博','无','12','外国语学院',2015,'科研','2017-04-30 00:24:10','2017-04-30 00:24:10','本科生项目（一般）'),(1926,'赖斯操作性文本视角下景点公示语翻译调查研究--以净月潭、世界雕塑公园、伪满皇宫博物院景点为例','徐丽娜','无','12','外国语学院',2015,'科研','2017-04-30 00:24:10','2017-04-30 00:24:10','本科生项目（一般）'),(1927,'英语师范生微格课堂课程导入方法研究','李天娇','无','12','外国语学院',2015,'科研','2017-04-30 00:24:10','2017-04-30 00:24:10','本科生项目（一般）'),(1928,'大学英语课堂中生生互动方式对学习效果的影响研究——以东北师范大学英语专业学生为例','周琦','无','12','外国语学院',2015,'科研','2017-04-30 00:24:10','2017-04-30 00:24:10','本科生项目（一般）'),(1929,'商务英语系学生就业意向及就业实际去向比较研究','辛欣','无','21','外国语学院（净月）',2015,'科研','2017-04-30 00:24:10','2017-04-30 00:24:10','本科生项目（一般）'),(1930,'基于生活费来源分析的中日大学生自立能力培养问题研究','刘卓玥','无','21','外国语学院（净月）',2015,'科研','2017-04-30 00:24:10','2017-04-30 00:24:10','本科生项目（一般）'),(1931,'基于QDF模型探究将慕课引进大学英语专业教学的有效方法--以东北师范大学英语专业为例','籍红丽','无','21','外国语学院（净月）',2015,'科研','2017-04-30 00:24:10','2017-04-30 00:24:10','本科生项目（一般）'),(1932,'高校俄语外教课堂教学现状研究与发展对策--以东北师范大学为例','亚婕','无','21','外国语学院（净月）',2015,'科研','2017-04-30 00:24:10','2017-04-30 00:24:10','本科生项目（一般）'),(1933,'商务英语课程设置需求分析的调查研究--以东北师范大学为例','杜鲁琦','无','21','外国语学院（净月）',2015,'科研','2017-04-30 00:24:10','2017-04-30 00:24:10','本科生项目（一般）'),(1934,'高师音乐师范生应具备的音乐表演素质','訾贺童','无','13','音乐学院',2015,'科研','2017-04-30 00:24:10','2017-04-30 00:24:10','本科生项目（一般）'),(1935,'幼儿音乐教育的重要性——以吉林省部分幼儿园为例','王玥萌','无','13','音乐学院',2015,'科研','2017-04-30 00:24:10','2017-04-30 00:24:10','本科生项目（一般）'),(1936,'朝鲜族民俗文化在美术创作中的影响的研究','宋琪','无','14','美术学院',2015,'科研','2017-04-30 00:24:10','2017-04-30 00:24:10','本科生项目（一般）'),(1937,'民俗文化在敦煌书法中的作用与价值','尚铭洋','无','14','美术学院',2015,'科研','2017-04-30 00:24:10','2017-04-30 00:24:10','本科生项目（一般）'),(1938,'让暴风雨来的更猛烈些--浅谈头脑风暴法在艺术理论课程中的应用','于泽平','无','14','美术学院',2015,'科研','2017-04-30 00:24:10','2017-04-30 00:24:10','本科生项目（一般）'),(1939,'绘画对自闭症儿童的影响','杨月','无','14','美术学院',2015,'科研','2017-04-30 00:24:10','2017-04-30 00:24:10','本科生项目（一般）'),(1940,'百年中国写意油画语言演变研究','候伊萱','无','14','美术学院',2015,'科研','2017-04-30 00:24:10','2017-04-30 00:24:10','本科生项目（一般）'),(1941,'高校校园文化活动马克思主义理论品格现状与提升研究','李刚勇','无','15','马克思主义学部',2015,'科研','2017-04-30 00:24:10','2017-04-30 00:24:10','本科生项目（一般）'),(1942,'村庄银行的组织社会学研究','杨科','无','15','马克思主义学部',2015,'科研','2017-04-30 00:24:10','2017-04-30 00:24:10','本科生项目（一般）'),(1943,'当代大学生社会主义核心价值观认同研究','纪英杰','无','15','马克思主义学部',2015,'科研','2017-04-30 00:24:10','2017-04-30 00:24:10','本科生项目（一般）'),(1944,'长春市大学生马克思主义经典著作阅读学习现状调查研究','王丹','无','15','马克思主义学部',2015,'科研','2017-04-30 00:24:10','2017-04-30 00:24:10','本科生项目（一般）'),(1945,'转型时期村民自治组织：现状、问题及对策研究','何金璐','无','15','马克思主义学部',2015,'科研','2017-04-30 00:24:10','2017-04-30 00:24:10','本科生项目（一般）'),(1946,'Lebesgue积分的连续性与半连续性','温昊于','无','16','数学与统计学院',2015,'科研','2017-04-30 00:24:10','2017-04-30 00:24:10','本科生项目（一般）'),(1947,'矩阵李代数的结构与分类','张健','无','16','数学与统计学院',2015,'科研','2017-04-30 00:24:10','2017-04-30 00:24:10','本科生项目（一般）'),(1948,'正交拉丁超立方设计的构造','杨帅兵','无','16','数学与统计学院',2015,'科研','2017-04-30 00:24:10','2017-04-30 00:24:10','本科生项目（一般）'),(1949,'B-MethodAndItsApplication','徐飞','无','16','数学与统计学院',2015,'科研','2017-04-30 00:24:10','2017-04-30 00:24:10','本科生项目（一般）'),(1950,'3-ellipse及3-ellipsiod的研究','肖扬','无','16','数学与统计学院',2015,'科研','2017-04-30 00:24:10','2017-04-30 00:24:10','本科生项目（一般）'),(1951,'跨平台的图书馆推荐服务系统','彭凯宇','无','17','计算机科学与信息技术学院',2015,'科研','2017-04-30 00:24:10','2017-04-30 00:24:10','本科生项目（一般）'),(1952,'网络环境下微格教学技能培养辅助系统研究——以师范生培养为例','文芳','无','17','计算机科学与信息技术学院',2015,'科研','2017-04-30 00:24:10','2017-04-30 00:24:10','本科生项目（一般）'),(1953,'学科服务知识导航系统','李赛男','无','17','计算机科学与信息技术学院',2015,'科研','2017-04-30 00:24:10','2017-04-30 00:24:10','本科生项目（一般）'),(1954,'基于书目框架的MARC书目数据转换设计','张伊','无','17','计算机科学与信息技术学院',2015,'科研','2017-04-30 00:24:10','2017-04-30 00:24:10','本科生项目（一般）'),(1955,'自媒体在女大学生安全教育中的应用研究','王蕾','无','17','计算机科学与信息技术学院',2015,'科研','2017-04-30 00:24:10','2017-04-30 00:24:10','本科生项目（一般）'),(1956,'基于频度的来往提醒APP','王威','无','18','信息与软件工程学院',2015,'科研','2017-04-30 00:24:10','2017-04-30 00:24:10','本科生项目（一般）'),(1957,'基于web爬虫的在线学习资料平台','司文宇','无','18','信息与软件工程学院',2015,'科研','2017-04-30 00:24:10','2017-04-30 00:24:10','本科生项目（一般）'),(1958,'基于地理位置的新生入学助手','刘诗娴','无','18','信息与软件工程学院',2015,'科研','2017-04-30 00:24:10','2017-04-30 00:24:10','本科生项目（一般）'),(1959,'校园理财本','李海冰','无','18','信息与软件工程学院',2015,'科研','2017-04-30 00:24:10','2017-04-30 00:24:10','本科生项目（一般）'),(1960,'基于监督机制的TimeManager','陈垚宇','无','18','信息与软件工程学院',2015,'科研','2017-04-30 00:24:10','2017-04-30 00:24:10','本科生项目（一般）'),(1961,'吉林省高校冬季项目开展现状与对策研究','王建超','无','20','体育学院',2015,'科研','2017-04-30 00:24:10','2017-04-30 00:24:10','本科生项目（一般）'),(1962,'场景媒体时代下小学生积极媒介素养实验教学研究','李奕璐','无','22','传媒学院',2015,'科研','2017-04-30 00:24:10','2017-04-30 00:24:10','本科生项目（一般）'),(1963,'艺术类大学生微信平台阅读特点的研究—以东北师范大学为例','文艺乔','无','22','传媒学院',2015,'科研','2017-04-30 00:24:10','2017-04-30 00:24:10','本科生项目（一般）'),(1964,'基于数字图书馆的大学生新型阅读模式的创新研究','张旭东','无','22','传媒学院',2015,'科研','2017-04-30 00:24:10','2017-04-30 00:24:10','本科生项目（一般）'),(1965,'长春轻轨移动电视的广告传播效果研究','赵琦','无','22','传媒学院',2015,'科研','2017-04-30 00:24:10','2017-04-30 00:24:10','本科生项目（一般）'),(1966,'高校学生干部“围城”现象的调查与研究—以东北师范大学学生组织为例','李丹阳','无','22','传媒学院',2015,'科研','2017-04-30 00:24:10','2017-04-30 00:24:10','本科生项目（一般）'),(1967,'自闭症谱系障碍儿童的信任与欺骗行为探究','欧柔','无','1','教育学部',2015,'科研','2017-04-30 00:24:10','2017-04-30 00:24:10','本科生项目（重点）'),(1968,'实习教师实践困惑及对教师教育课程期待研究——以某师范大学为个案','林思雨','无','1','教育学部',2015,'科研','2017-04-30 00:24:10','2017-04-30 00:24:10','本科生项目（重点）'),(1969,'长春市幼儿园户外游戏实施的现状调查及对策研究','徐钰乔','无','1','教育学部',2015,'科研','2017-04-30 00:24:10','2017-04-30 00:24:10','本科生项目（重点）'),(1970,'幼儿教师专业发展困境及支持策略研究——以长春市幼儿园为例','王梓儒','无','1','教育学部',2015,'科研','2017-04-30 00:24:10','2017-04-30 00:24:10','本科生项目（重点）'),(1971,'幼儿合作行为发展特征及合作能力培养的研究――以3-5岁幼儿角色游戏为例','孟祥云','无','1','教育学部',2015,'科研','2017-04-30 00:24:10','2017-04-30 00:24:10','本科生项目（重点）'),(1972,'商业采伐停止后林业工人生存状况的调查研究——以大小兴安岭为例','孟雪婷','无','2','政法学院',2015,'科研','2017-04-30 00:24:10','2017-04-30 00:24:10','本科生项目（重点）'),(1973,'村干部法治思维培育研究—以吉林省为例','丁一航','无','2','政法学院',2015,'科研','2017-04-30 00:24:10','2017-04-30 00:24:10','本科生项目（重点）'),(1974,'高校由“管理型”向“服务型”转变过程中的学生参与情况研究','韩耀亭','无','2','政法学院',2015,'科研','2017-04-30 00:24:10','2017-04-30 00:24:10','本科生项目（重点）'),(1975,'现阶段我国农村“空心化”问题及对策研究--以吉林省部分农村为例','张佳宁','无','2','政法学院',2015,'科研','2017-04-30 00:24:10','2017-04-30 00:24:10','本科生项目（重点）'),(1976,'师范专业大学生法治理念教育：问题与对策','刘鹏坤','无','2','政法学院',2015,'科研','2017-04-30 00:24:10','2017-04-30 00:24:10','本科生项目（重点）'),(1977,'长春市国家支农政策下“家庭农场”的调查及对策研究','陈颖桦','无','3','商学院',2015,'科研','2017-04-30 00:24:10','2017-04-30 00:24:10','本科生项目（重点）'),(1978,'农村空巢老人生存现状及养老需求调查','曹若琳','无','3','商学院',2015,'科研','2017-04-30 00:24:10','2017-04-30 00:24:10','本科生项目（重点）'),(1979,'基于PPP模式下的我国中小民营养老机构经营机制创新研究','吴润方','无','3','商学院',2015,'科研','2017-04-30 00:24:10','2017-04-30 00:24:10','本科生项目（重点）'),(1980,'网络分期付款买卖对大学生吸引力研究——以京东白条和分期乐为例','林芳宇','无','3','商学院',2015,'科研','2017-04-30 00:24:10','2017-04-30 00:24:10','本科生项目（重点）'),(1981,'高校开展中外合作项目对大学生的影响——以长春市高校为例','李燊','无','3','商学院',2015,'科研','2017-04-30 00:24:10','2017-04-30 00:24:10','本科生项目（重点）'),(1982,'物理学科学生自主学习APP制作的可行性研究','曲春霖','无','4','物理学院',2015,'科研','2017-04-30 00:24:10','2017-04-30 00:24:10','本科生项目（重点）'),(1983,'基于声光效应的灯光自动控制技术研究','乔钰淇','无','4','物理学院',2015,'科研','2017-04-30 00:24:10','2017-04-30 00:24:10','本科生项目（重点）'),(1984,'农村留守儿童自主学习能力的现状调查与提升策略研究','张君贤','无','4','物理学院',2015,'科研','2017-04-30 00:24:10','2017-04-30 00:24:10','本科生项目（重点）'),(1985,'基于蓝牙模块与cc1101实现海水中的短距离无线通信','李南华','无','4','物理学院',2015,'科研','2017-04-30 00:24:10','2017-04-30 00:24:10','本科生项目（重点）'),(1986,'可控智能一体化光学教学仪器的研发','金庆辰','无','4','物理学院',2015,'科研','2017-04-30 00:24:10','2017-04-30 00:24:10','本科生项目（重点）'),(1987,'可视化显微目镜高清成像显示系统','汤乘畅','无','4','物理学院',2015,'科研','2017-04-30 00:24:10','2017-04-30 00:24:10','本科生项目（重点）'),(1988,'基于金属铱配合物的新型白光器件的制备与性能研究','丁蕾','无','5','化学学院',2015,'科研','2017-04-30 00:24:10','2017-04-30 00:24:10','本科生项目（重点）'),(1989,'锡/石墨烯复合负极材料的制备与锂离子电池性能研究','姜丽华','无','5','化学学院',2015,'科研','2017-04-30 00:24:10','2017-04-30 00:24:10','本科生项目（重点）'),(1990,'新型酞菁的制备','梁欣','无','5','化学学院',2015,'科研','2017-04-30 00:24:10','2017-04-30 00:24:10','本科生项目（重点）'),(1991,'职前化学教师科学思维水平探查','李琳','无','5','化学学院',2015,'科研','2017-04-30 00:24:10','2017-04-30 00:24:10','本科生项目（重点）'),(1992,'免费师范生教师职业成长历程的研究——以东北师范大学化学学院2012级免费师范生为例','周紫艳','无','5','化学学院',2015,'科研','2017-04-30 00:24:10','2017-04-30 00:24:10','本科生项目（重点）'),(1993,'智能型天然多糖基抗肿瘤键合药的合成','朱玉','无','5','化学学院',2015,'科研','2017-04-30 00:24:10','2017-04-30 00:24:10','本科生项目（重点）'),(1994,'HuR在神经细胞迁移中的作用研究','吕粟粟','无','6','生命科学学院',2015,'科研','2017-04-30 00:24:10','2017-04-30 00:24:10','本科生项目（重点）'),(1995,'水稻人工杂交种和多倍体协同进化','岳奇','无','6','生命科学学院',2015,'科研','2017-04-30 00:24:10','2017-04-30 00:24:10','本科生项目（重点）'),(1996,'松嫩盐碱化草地土壤酶活性对氮沉降组分变化的响应','王成亮','无','6','生命科学学院',2015,'科研','2017-04-30 00:24:10','2017-04-30 00:24:10','本科生项目（重点）'),(1997,'果胶与半乳凝集素的构效关系研究','武玥','无','6','生命科学学院',2015,'科研','2017-04-30 00:24:10','2017-04-30 00:24:10','本科生项目（重点）'),(1998,'PIAS1协同SUMO3调节雄激素受体AR细胞内定位的机制研究','朱慧','无','6','生命科学学院',2015,'科研','2017-04-30 00:24:10','2017-04-30 00:24:10','本科生项目（重点）'),(1999,'基于cpDNA的兴安杜鹃亲缘地理学研究','张薇','无','6','生命科学学院',2015,'科研','2017-04-30 00:24:10','2017-04-30 00:24:10','本科生项目（重点）'),(2000,'基于相关利益主体调查的城乡建设用地增减挂钩政策执行障碍及其破解方法——以长春为例','牛彩澄','无','7','地理科学学院',2015,'科研','2017-04-30 00:24:10','2017-04-30 00:24:10','本科生项目（重点）'),(2001,'三因素及其交互作用对吉林省西部盐碱地偏振光谱特征的影响','陈星任','无','7','地理科学学院',2015,'科研','2017-04-30 00:24:10','2017-04-30 00:24:10','本科生项目（重点）'),(2002,'基于新浪微博数据挖掘的热点事件关注度时空变化研究及可信度评价','马超','无','7','地理科学学院',2015,'科研','2017-04-30 00:24:10','2017-04-30 00:24:10','本科生项目（重点）'),(2003,'基于乡土地理课程资源开发的中学生地方感培养的影响因素与建构策略——以齐齐哈尔地区为例','肖晗','无','7','地理科学学院',2015,'科研','2017-04-30 00:24:10','2017-04-30 00:24:10','本科生项目（重点）'),(2004,'有壳变形虫和植物大化石对泥炭地水位变化的响应敏感性差异研究','刘小冬','无','7','地理科学学院',2015,'科研','2017-04-30 00:24:10','2017-04-30 00:24:10','本科生项目（重点）'),(2005,'基于沙尘输入对植物繁殖体萌发影响试验的长白山泥炭地演替机制研究','刘礼洁','无','7','地理科学学院',2015,'科研','2017-04-30 00:24:10','2017-04-30 00:24:10','本科生项目（重点）'),(2006,'关于暴雨积涝灾害应急救助对策的研究','张典','无','8','环境学院',2015,'科研','2017-04-30 00:24:10','2017-04-30 00:24:10','本科生项目（重点）'),(2007,'“智慧海绵”供水系统及“循环式海绵型”居住小区设计','宁中华','无','8','环境学院',2015,'科研','2017-04-30 00:24:10','2017-04-30 00:24:10','本科生项目（重点）'),(2008,'长春市大学城区人群PM2.5暴露水平及其动态研究','冯致力','无','8','环境学院',2015,'科研','2017-04-30 00:24:10','2017-04-30 00:24:10','本科生项目（重点）'),(2009,'Pt/g-C3N4的制备及其光电催化制氢研究','姜星颖','无','8','环境学院',2015,'科研','2017-04-30 00:24:10','2017-04-30 00:24:10','本科生项目（重点）'),(2010,'马铁菊头蝠非线性交流声波的特征和功能','钟一凡','无','8','环境学院',2015,'科研','2017-04-30 00:24:10','2017-04-30 00:24:10','本科生项目（重点）'),(2011,'TiO2/PES杂化自清洁抗污染超滤膜的制备及性能研究','郭楠','无','8','环境学院',2015,'科研','2017-04-30 00:24:10','2017-04-30 00:24:10','本科生项目（重点）'),(2012,'小学中年段德育活动对学生道德行为的影响——以东方广场小学为试点','王艳芝','无','1','教育学部',2014,'科研','2017-04-30 00:25:45','2017-04-30 00:25:45','本科生项目（一般）'),(2013,'考评方式对高等师范本科生学习的影响研究-以东北师范大学为例','侯琳','无','1','教育学部',2014,'科研','2017-04-30 00:25:45','2017-04-30 00:25:45','本科生项目（一般）'),(2014,'农村早婚现象与离婚率关系的实政研究','杨红静','无','2','政法学院',2014,'科研','2017-04-30 00:25:45','2017-04-30 00:25:45','本科生项目（一般）'),(2015,'长春市七彩小屋实施情况与问题研究','林琳','无','2','政法学院',2014,'科研','2017-04-30 00:25:45','2017-04-30 00:25:45','本科生项目（一般）'),(2016,'河南省西峡县石界河乡农村留守老人问题调研','刘怡','无','9','经济学院',2014,'科研','2017-04-30 00:25:45','2017-04-30 00:25:45','本科生项目（一般）'),(2017,'有机农业“公司带头型”组织模式研究——以青岛胶州市为例','田桂梅','无','9','经济学院',2014,'科研','2017-04-30 00:25:45','2017-04-30 00:25:45','本科生项目（一般）'),(2018,'我国养老机构专业服务人性化模式——以C市为例','黄慧','无','3','商学院',2014,'科研','2017-04-30 00:25:45','2017-04-30 00:25:45','本科生项目（一般）'),(2019,'城镇化进程中，农村传统小卖店生存现状与创新路径研究','赵丽霞','无','3','商学院',2014,'科研','2017-04-30 00:25:45','2017-04-30 00:25:45','本科生项目（一般）'),(2020,'关于儿童文学对自闭症儿童沟通能力培养的研究--以长春市育龙特殊儿童语言康复学校为例','李雨航','无','10','文学院',2014,'科研','2017-04-30 00:25:45','2017-04-30 00:25:45','本科生项目（一般）'),(2021,'人教版初中语文教科书古诗文类选文中重点文字演变教辅编纂研究','徐平跃','无','10','文学院',2014,'科研','2017-04-30 00:25:45','2017-04-30 00:25:45','本科生项目（一般）'),(2022,'《盛京时报》与“满洲国”合法性的舆论建构——以1932-1937年为中心的考察','陈鹏','无','11','历史文化学院',2014,'科研','2017-04-30 00:25:45','2017-04-30 00:25:45','本科生项目（一般）'),(2023,'“一五、二五”时期一汽职工工资住房调查报告','李奕欣','无','11','历史文化学院',2014,'科研','2017-04-30 00:25:45','2017-04-30 00:25:45','本科生项目（一般）'),(2024,'德国翻译理论下的雕塑翻译--以长春世界雕塑公园为例','李羚','无','23','外国语学院（本部）',2014,'科研','2017-04-30 00:25:45','2017-04-30 00:25:45','本科生项目（一般）'),(2025,'母语负迁移对二语写作连词使用的影响','谭微','无','23','外国语学院（本部）',2014,'科研','2017-04-30 00:25:45','2017-04-30 00:25:45','本科生项目（一般）'),(2026,'基于SERVQUAL模型对高校食堂基本餐和非基本餐服务质量对比','戴健','无','23','外国语学院（本部）',2014,'科研','2017-04-30 00:25:45','2017-04-30 00:25:45','本科生项目（一般）'),(2027,'网点与实体店的“人格”差异对消费者购买意愿的影响','李佳','无','23','外国语学院（本部）',2014,'科研','2017-04-30 00:25:45','2017-04-30 00:25:45','本科生项目（一般）'),(2028,'关于地域性美术校本课程资源开发与利用的研究——以白洋淀芦苇艺术画为例','孙金立','无','14','美术学院',2014,'科研','2017-04-30 00:25:45','2017-04-30 00:25:45','本科生项目（一般）'),(2029,'东北师大附中《名作解读——美术创作体验与表现》课程研究','李亚平','无','14','美术学院',2014,'科研','2017-04-30 00:25:45','2017-04-30 00:25:45','本科生项目（一般）'),(2030,'吉林市乡镇企业家族式经营模式主要问题与创新——以红阳饲料公司为例','张玉','无','15','马克思主义学部',2014,'科研','2017-04-30 00:25:45','2017-04-30 00:25:45','本科生项目（一般）'),(2031,'长春市高中生校外补课现象影响因素分析——以长春三校为例','张泽远','无','15','马克思主义学部',2014,'科研','2017-04-30 00:25:45','2017-04-30 00:25:45','本科生项目（一般）'),(2032,'homNijienhuisoperatorandT*_extensionof Hom Jordan Lie color algebra','冯晨','无','16','数学与统计学院',2014,'科研','2017-04-30 00:25:45','2017-04-30 00:25:45','本科生项目（一般）'),(2033,'三维球空间上曲线的渐屈线和渐伸线','周政','无','16','数学与统计学院',2014,'科研','2017-04-30 00:25:45','2017-04-30 00:25:45','本科生项目（一般）'),(2034,'Leibniz三系的结构的研究','康远','无','17','计算机科学与信息技术学院',2014,'科研','2017-04-30 00:25:45','2017-04-30 00:25:45','本科生项目（一般）'),(2035,'高校分类信息服务平台及微信助手平台','赵一帆','无','17','计算机科学与信息技术学院',2014,'科研','2017-04-30 00:25:45','2017-04-30 00:25:45','本科生项目（一般）'),(2036,'基于Moodle平台的翻转课堂的设计与实践研究—ps学习为例','崔依冉','无','17','计算机科学与信息技术学院',2014,'科研','2017-04-30 00:25:45','2017-04-30 00:25:45','本科生项目（一般）'),(2037,'大数据量化分析城市幸福感','李淼洋','无','17','计算机科学与信息技术学院',2014,'科研','2017-04-30 00:25:45','2017-04-30 00:25:45','本科生项目（一般）'),(2038,'学校浴池管理系统','马嘉男','无','18','信息与软件工程学院',2014,'科研','2017-04-30 00:25:45','2017-04-30 00:25:45','本科生项目（一般）'),(2039,'基于android平台的悦读手机应用','马宇驰','无','18','信息与软件工程学院',2014,'科研','2017-04-30 00:25:45','2017-04-30 00:25:45','本科生项目（一般）'),(2040,'益智游戏——按位填补','李璐艳','无','18','信息与软件工程学院',2014,'科研','2017-04-30 00:25:45','2017-04-30 00:25:45','本科生项目（一般）'),(2041,'基于安卓的饮食咨询软件','梁炳坤','无','18','信息与软件工程学院',2014,'科研','2017-04-30 00:25:45','2017-04-30 00:25:45','本科生项目（一般）'),(2042,'飞机去哪儿','蒋国龙','无','18','信息与软件工程学院',2014,'科研','2017-04-30 00:25:45','2017-04-30 00:25:45','本科生项目（一般）'),(2043,'基于node.js的web即时通讯工具','董孝群','无','18','信息与软件工程学院',2014,'科研','2017-04-30 00:25:45','2017-04-30 00:25:45','本科生项目（一般）'),(2044,'东师order在线点餐外卖','蒋坤','无','18','信息与软件工程学院',2014,'科研','2017-04-30 00:25:45','2017-04-30 00:25:45','本科生项目（一般）'),(2045,'基于unity3D的消防辅助救助虚拟仿真平台','欧阳猛','无','18','信息与软件工程学院',2014,'科研','2017-04-30 00:25:45','2017-04-30 00:25:45','本科生项目（一般）'),(2046,'吃了么','李钊','无','18','信息与软件工程学院',2014,'科研','2017-04-30 00:25:45','2017-04-30 00:25:45','本科生项目（一般）'),(2047,'基于石英晶体的光的参数测量机理与应用的研究','郭雄','无','4','物理学院',2014,'科研','2017-04-30 00:25:45','2017-04-30 00:25:45','本科生项目（一般）'),(2048,'电纺氧化铟/氧化铜纳米纤维异质的可控制备及其气敏特性的研究','张华洋','无','4','物理学院',2014,'科研','2017-04-30 00:25:45','2017-04-30 00:25:45','本科生项目（一般）'),(2049,'三钼取代keggin结构多酸微米管的制备和功能性质研究','韦祎','无','5','化学学院',2014,'科研','2017-04-30 00:25:45','2017-04-30 00:25:45','本科生项目（一般）'),(2050,'设施人参栽培专用硅藻土复合高吸水树脂研制与应用','李俊松','无','5','化学学院',2014,'科研','2017-04-30 00:25:45','2017-04-30 00:25:45','本科生项目（一般）'),(2051,'松嫩盐碱化草地中蝗虫群落多样性和数量研究','沈超','无','6','生命科学学院',2014,'科研','2017-04-30 00:25:45','2017-04-30 00:25:45','本科生项目（一般）'),(2052,'酶催化法转化神经节苷脂制备GM1','姜婷','无','6','生命科学学院',2014,'科研','2017-04-30 00:25:45','2017-04-30 00:25:45','本科生项目（一般）'),(2053,'泥炭地苔藓植物选择性定居的实验证据与机理','李智','无','7','地理科学学院',2014,'科研','2017-04-30 00:25:45','2017-04-30 00:25:45','本科生项目（一般）'),(2054,'植物叶片偏振光谱与湿润性的关系研究','高晓雨','无','7','地理科学学院',2014,'科研','2017-04-30 00:25:45','2017-04-30 00:25:45','本科生项目（一般）'),(2055,'火山渣的污染物（总磷）去除功能强化方法与效果研究','张延羽','无','8','环境学院',2014,'科研','2017-04-30 00:25:45','2017-04-30 00:25:45','本科生项目（一般）'),(2056,'基于探地雷达技术的反演土壤水分研究','孙斌','无','8','环境学院',2014,'科研','2017-04-30 00:25:45','2017-04-30 00:25:45','本科生项目（一般）'),(2057,'高校体育专业学生半军事化管理模式探析——东北师范大学体育学院半军事化管理现状调查','路红艳','无','20','体育学院',2014,'科研','2017-04-30 00:25:45','2017-04-30 00:25:45','本科生项目（一般）'),(2058,'东北师范大学体育学院武术发展历程梳理','张双刚','无','20','体育学院',2014,'科研','2017-04-30 00:25:45','2017-04-30 00:25:45','本科生项目（一般）'),(2059,'名称微信在高等学校校园文化建设中的应用研究——以东北师范大学为例','李欣桥','无','19','传媒科学学院',2014,'科研','2017-04-30 00:25:45','2017-04-30 00:25:45','本科生项目（一般）'),(2060,'大学生校园全媒体受众需求分析及预测研究','张琳悦','无','19','传媒科学学院',2014,'科研','2017-04-30 00:25:45','2017-04-30 00:25:45','本科生项目（一般）');

/*Table structure for table `t_school` */

DROP TABLE IF EXISTS `t_school`;

CREATE TABLE `t_school` (
  `id` int(30) NOT NULL AUTO_INCREMENT COMMENT '学院id',
  `name` varchar(100) NOT NULL COMMENT '学院名称',
  `type` int(5) NOT NULL DEFAULT '1' COMMENT '类型：0其他 1学院',
  `created_time` timestamp NOT NULL DEFAULT CURRENT_TIMESTAMP COMMENT '创建时间',
  `last_modified_time` timestamp NOT NULL DEFAULT CURRENT_TIMESTAMP COMMENT '最近修改时间',
  PRIMARY KEY (`id`)
) ENGINE=InnoDB AUTO_INCREMENT=38 DEFAULT CHARSET=utf8;

/*Data for the table `t_school` */

insert  into `t_school`(`id`,`name`,`type`,`created_time`,`last_modified_time`) values (0,'东北师大校团委',0,'2017-04-26 21:10:05','2017-04-26 21:10:05'),(1,'教育学部',1,'2017-04-12 16:06:58','2017-04-12 16:06:58'),(2,'政法学院',1,'2017-04-11 16:06:58','2017-04-12 16:06:58'),(3,'商学院',1,'2017-04-13 16:06:58','2017-04-13 16:06:58'),(4,'物理学院',1,'2017-04-13 16:06:58','2017-04-13 16:06:58'),(5,'化学学院',1,'2017-04-13 16:06:58','2017-04-13 16:06:58'),(6,'生命科学学院',1,'2017-04-13 16:06:58','2017-04-13 16:06:58'),(7,'地理科学学院',1,'2017-04-13 16:06:58','2017-04-13 16:06:58'),(8,'环境学院',1,'2017-04-13 16:06:58','2017-04-13 16:06:58'),(9,'经济学院',1,'2017-04-13 16:06:58','2017-04-13 16:06:58'),(10,'文学院',1,'2017-04-13 16:06:58','2017-04-13 16:06:58'),(11,'历史文化学院',1,'2017-04-13 16:06:58','2017-04-13 16:06:58'),(12,'外国语学院',1,'2017-04-13 16:06:58','2017-04-13 16:06:58'),(13,'音乐学院',1,'2017-04-13 16:06:58','2017-04-13 16:06:58'),(14,'美术学院',1,'2017-04-13 16:06:58','2017-04-13 16:06:58'),(15,'马克思主义学部',1,'2017-04-13 16:06:58','2017-04-13 16:06:58'),(16,'数学与统计学院',1,'2017-04-13 16:06:58','2017-04-13 16:06:58'),(17,'计算机科学与信息技术学院',1,'2017-04-13 16:06:58','2017-04-13 16:06:58'),(18,'信息与软件工程学院',1,'2017-04-13 16:06:58','2017-04-13 16:06:58'),(19,'传媒科学学院',1,'2017-04-13 16:06:58','2017-04-13 16:06:58'),(20,'体育学院',1,'2017-04-13 16:06:58','2017-04-13 16:06:58'),(21,'外国语学院（净月）',1,'2017-04-13 16:06:58','2017-04-13 16:06:58'),(22,'传媒学院',1,'2017-04-13 16:06:58','2017-04-13 16:06:58'),(23,'外国语学院（本部）',1,'2017-04-13 16:06:58','2017-04-13 16:06:58'),(30,'城市与环境科学学院',1,'2017-04-13 16:06:58','2017-04-13 16:06:58'),(32,'清流团队',0,'2017-04-13 16:06:58','2017-04-13 16:06:58'),(33,'奶牛团队',0,'2017-04-13 16:06:58','2017-04-13 16:06:58'),(34,'Nenu鲜行者',0,'2017-04-13 16:06:58','2017-04-13 16:06:58'),(35,'智健生物科技',0,'2017-04-13 16:06:58','2017-04-13 16:06:58'),(36,'地理学院',1,'2017-04-13 16:06:58','2017-04-13 16:06:58'),(37,'信息化办',0,'2017-04-28 20:25:20','2017-04-28 20:25:20');

/*Table structure for table `t_type` */

DROP TABLE IF EXISTS `t_type`;

CREATE TABLE `t_type` (
  `id` int(30) NOT NULL AUTO_INCREMENT COMMENT '类别id',
  `name` varchar(30) NOT NULL COMMENT '类别名称',
  `assistant_code` varchar(30) NOT NULL COMMENT '助记码',
  `created_time` timestamp NOT NULL DEFAULT CURRENT_TIMESTAMP COMMENT '创建时间',
  `last_modified_time` timestamp NOT NULL DEFAULT CURRENT_TIMESTAMP COMMENT '最近修改时间',
  PRIMARY KEY (`id`)
) ENGINE=InnoDB AUTO_INCREMENT=12 DEFAULT CHARSET=utf8;

/*Data for the table `t_type` */

insert  into `t_type`(`id`,`name`,`assistant_code`,`created_time`,`last_modified_time`) values (1,'互联网+','HLW','2017-04-08 14:09:59','2017-04-08 14:09:59'),(2,'创青春全国大学生创业大赛','CQCQGDXSDS','2017-04-08 14:10:08','2017-04-08 14:10:08'),(3,'挑战杯','TZB','2017-04-08 14:10:20','2017-04-08 14:10:20'),(4,'暑期社会实践公告','SQSHSJGG','2017-04-12 11:20:38','2017-04-12 11:20:38'),(5,'科研扶持','WLJH','2017-04-12 11:20:52','2017-04-12 11:20:52'),(6,'创业园','CYY','2017-04-12 12:08:58','2017-04-12 12:08:58'),(7,'企业注册','QYZC','2017-04-12 12:09:04','2017-04-12 12:09:04'),(8,'科研成果','KYCG','2017-04-12 12:09:23','2017-04-12 12:09:23'),(9,'国家级创新创业训练计划','GJJCXCYJHXL','2017-04-12 12:09:42','2017-04-12 12:09:42'),(10,'科研立项','SQSHSJ','2017-04-12 12:09:48','2017-04-12 12:09:48'),(11,'其他比赛','QTBS','2017-04-15 13:41:38','2017-04-15 13:41:38');

/*Table structure for table `t_user` */

DROP TABLE IF EXISTS `t_user`;

CREATE TABLE `t_user` (
  `id` int(11) NOT NULL AUTO_INCREMENT COMMENT '用户id',
  `username` varchar(30) NOT NULL COMMENT '用户名',
  `password` varchar(30) NOT NULL COMMENT '密码',
  `type` int(5) NOT NULL DEFAULT '2' COMMENT '用户身份：1超级管理员 2管理员 3各学院管理员',
  `school_id` int(5) NOT NULL DEFAULT '1' COMMENT '所属学院id',
  `created_time` timestamp NOT NULL DEFAULT CURRENT_TIMESTAMP COMMENT '创建时间',
  `last_modified_time` timestamp NOT NULL DEFAULT CURRENT_TIMESTAMP COMMENT '最近修改时间',
  `status` int(5) NOT NULL DEFAULT '1' COMMENT '状态：1正常 2停用',
  PRIMARY KEY (`id`)
) ENGINE=InnoDB AUTO_INCREMENT=32 DEFAULT CHARSET=utf8;

/*Data for the table `t_user` */

insert  into `t_user`(`id`,`username`,`password`,`type`,`school_id`,`created_time`,`last_modified_time`,`status`) values (1,'管理员','123456',1,0,'2017-04-10 07:54:30','2017-04-10 07:54:30',1),(2,'教育学部','123456',2,1,'2017-04-10 07:54:40','2017-04-10 07:54:40',1),(3,'政法学院','123456',2,2,'2017-04-10 07:55:03','2017-04-10 07:55:03',1),(4,'商学院','123456',2,3,'2017-04-10 07:55:10','2017-04-10 07:55:10',1),(5,'物理学院','123456',2,4,'2017-04-26 17:05:14','2017-04-26 17:05:14',1),(6,'化学学院','123456',2,5,'2017-04-26 21:18:48','2017-04-26 21:18:48',1),(7,'生命科学学院','123456',2,6,'2017-04-26 22:44:54','2017-04-26 22:44:54',1),(8,'地理科学学院','123456',2,7,'2017-04-26 22:46:01','2017-04-26 22:46:01',1),(9,'环境学院','123456',2,8,'2017-04-26 22:46:15','2017-04-26 22:46:15',1),(10,'经济学院','123456',2,9,'2017-04-26 22:46:30','2017-04-26 22:46:30',1),(11,'文学院','123456',2,10,'2017-04-26 22:46:43','2017-04-26 22:46:43',1),(12,'历史文化学院','123456',2,11,'2017-04-27 12:55:28','2017-04-27 12:55:28',1),(13,'外国语学院','123456',2,12,'2017-04-27 12:55:38','2017-04-27 12:55:38',1),(14,'音乐学院','123456',2,13,'2017-04-27 12:55:50','2017-04-27 12:55:50',1),(15,'美术学院','123456',2,14,'2017-04-27 12:56:05','2017-04-27 12:56:05',1),(16,'马克思主义学部','123456',2,15,'2017-04-27 12:56:24','2017-04-27 12:56:24',1),(17,'数学与统计学院','123456',2,16,'2017-04-27 12:56:51','2017-04-27 12:56:51',1),(18,'计算机科学与信息技术学院','123456',2,17,'2017-04-27 12:57:09','2017-04-27 12:57:09',1),(19,'信息与软件工程学院','123456',2,18,'2017-04-27 12:57:32','2017-04-27 12:57:32',1),(20,'传媒科学院','123456',2,19,'2017-04-27 12:57:47','2017-04-27 12:57:47',1),(21,'体育学院','123456',2,20,'2017-04-27 12:57:55','2017-04-27 12:57:55',1),(22,'外国语学院（净月）','123456',2,21,'2017-04-27 12:59:17','2017-04-27 12:59:17',1),(23,'传媒学院','123456',2,22,'2017-04-27 12:59:31','2017-04-27 12:59:31',1),(24,'外国语学院（本部）','123456',2,23,'2017-04-27 12:59:51','2017-04-27 12:59:51',1),(25,'城市与环境科学学院','123456',2,30,'2017-04-27 13:00:07','2017-04-27 13:00:07',1),(26,'清流团队','123456',2,32,'2017-04-27 13:00:15','2017-04-27 13:00:15',1),(27,'奶牛团队','123456',2,33,'2017-04-27 13:00:47','2017-04-27 13:00:47',1),(28,'Nenu鲜行者','123456',2,34,'2017-04-27 13:01:16','2017-04-27 13:01:16',1),(29,'智健生物科技','123456',2,35,'2017-04-27 13:01:55','2017-04-27 13:01:55',1),(30,'地理学院','123456',2,36,'2017-04-27 13:02:10','2017-04-27 13:02:10',1),(31,'user7','123456',2,1,'2017-04-30 11:00:20','2017-04-30 11:00:20',1);

/*!40101 SET SQL_MODE=@OLD_SQL_MODE */;
/*!40014 SET FOREIGN_KEY_CHECKS=@OLD_FOREIGN_KEY_CHECKS */;
/*!40014 SET UNIQUE_CHECKS=@OLD_UNIQUE_CHECKS */;
/*!40111 SET SQL_NOTES=@OLD_SQL_NOTES */;
